Date,Open,High,Low,Close,Agression
2015-03-03,10.62,10.8,10.43,10.59,-40600.0
2015-03-04,10.5,10.73,10.46,10.73,-86500.0
2015-03-05,10.74,10.88,10.69,10.69,-15300.0
2015-03-06,10.67,10.68,10.4,10.62,-6600.0
2015-03-09,10.59,10.59,10.13,10.27,-1026600.0
2015-03-10,10.19,10.44,10.05,10.44,-3800.0
2015-03-11,10.36,10.44,10.28,10.4,-18000.0
2015-03-12,10.44,10.55,10.36,10.51,-2500.0
2015-03-13,10.5,10.5,10.18,10.28,-75900.0
2015-03-16,10.31,10.38,10.01,10.13,-45700.0
2015-03-17,10.1,10.22,10.04,10.13,-22600.0
2015-03-18,10.13,10.4,10.03,10.4,-70800.0
2015-03-19,10.34,10.68,10.28,10.62,-41700.0
2015-03-20,10.65,10.7,10.5,10.51,7300.0
2015-03-23,10.59,10.61,10.39,10.44,-48400.0
2015-03-24,10.44,10.44,10.06,10.21,-84600.0
2015-03-25,10.19,10.85,10.11,10.7,-35400.0
2015-03-26,10.62,10.62,10.41,10.59,-59400.0
2015-03-27,10.59,10.59,10.4,10.59,-25800.0
2015-03-30,10.54,10.65,10.18,10.18,-90300.0
2015-03-31,10.24,10.62,10.03,10.62,54500.0
2015-04-01,10.63,10.66,10.47,10.62,17200.0
2015-04-02,10.57,10.8,10.51,10.7,10800.0
2015-04-06,10.71,11.15,10.65,11.15,-29000.0
2015-04-07,11.18,11.25,10.87,11.05,-125900.0
2015-04-08,11.33,11.82,11.11,11.71,61600.0
2015-04-09,11.71,12.23,11.51,12.19,11300.0
2015-04-10,12.01,12.34,11.82,11.9,-58500.0
2015-04-13,11.9,12.38,11.7,12.09,11200.0
2015-04-14,12.08,12.26,11.85,12.16,8500.0
2015-04-15,12.16,12.34,12.09,12.22,1400.0
2015-04-16,12.05,12.42,12.05,12.32,99200.0
2015-04-17,12.32,12.46,11.99,12.3,-36200.0
2015-04-20,11.97,12.84,11.97,12.81,241900.0
2015-04-22,12.8,13.43,12.66,13.43,47500.0
2015-04-23,13.39,13.98,13.27,13.66,-286600.0
2015-04-24,13.48,14.36,13.38,14.36,-141000.0
2015-04-27,14.05,14.32,14.03,14.25,52900.0
2015-04-28,14.35,14.35,13.84,13.9,-12800.0
2015-04-29,13.91,13.96,13.44,13.55,32300.0
2015-04-30,13.8,13.8,13.21,13.54,-47600.0
2015-05-04,13.57,13.75,13.46,13.75,-3200.0
2015-05-05,13.74,13.89,13.61,13.63,-8000.0
2015-05-06,13.86,13.96,13.42,13.59,42400.0
2015-05-07,13.59,13.65,13.45,13.55,21400.0
2015-05-08,13.62,13.83,13.49,13.49,-273900.0
2015-05-11,13.5,13.65,13.19,13.25,-70700.0
2015-05-12,13.28,13.36,12.81,13.24,-2600.0
2015-05-13,13.09,13.65,12.94,13.28,2000.0
2015-05-14,13.32,13.88,13.32,13.75,-22300.0
2015-05-15,13.68,14.68,13.68,14.44,118900.0
2015-05-18,14.44,14.83,14.43,14.68,58400.0
2015-05-19,14.79,15.04,14.45,14.64,103400.0
2015-05-20,14.5,14.89,14.45,14.6,60100.0
2015-05-21,14.52,14.84,14.5,14.84,92200.0
2015-05-22,14.85,14.96,14.68,14.96,-158900.0
2015-05-25,14.82,15.15,14.79,14.84,6000.0
2015-05-26,14.71,14.82,14.49,14.76,-14800.0
2015-05-27,14.75,14.88,14.27,14.5,6100.0
2015-05-28,14.53,15.02,14.13,14.88,33400.0
2015-05-29,14.76,15.39,14.75,15.23,50800.0
2015-06-01,15.23,15.23,14.58,14.88,-5000.0
2015-06-02,14.77,15.17,14.77,15.1,-45700.0
2015-06-03,15.09,15.46,15.0,15.23,-13100.0
2015-06-05,15.09,15.24,14.99,15.06,11400.0
2015-06-08,14.97,15.08,14.6,14.61,-37700.0
2015-06-09,14.7,14.7,14.35,14.37,-11000.0
2015-06-10,14.56,14.65,14.38,14.49,-52900.0
2015-06-11,14.5,14.5,14.32,14.45,-9600.0
2015-06-12,14.44,14.44,14.12,14.15,-6600.0
2015-06-15,13.98,14.12,13.75,13.96,1300.0
2015-06-16,14.05,14.07,13.78,14.02,-19000.0
2015-06-17,14.0,14.01,13.76,13.9,19100.0
2015-06-18,13.78,14.32,13.67,14.18,36200.0
2015-06-19,14.1,14.48,13.94,14.32,-101100.0
2015-06-22,14.26,14.64,14.02,14.19,40200.0
2015-06-23,13.98,14.19,13.75,14.06,131900.0
2015-06-24,14.14,14.18,13.78,14.06,58800.0
2015-06-25,14.44,14.44,13.67,13.78,-90900.0
2015-06-26,13.89,14.45,13.88,14.25,35600.0
2015-06-29,14.25,14.25,13.78,14.1,-11400.0
2015-06-30,14.33,14.68,13.98,14.68,1200.0
2015-07-01,14.53,14.96,14.34,14.57,10400.0
2015-07-02,14.5,14.67,14.18,14.45,-17800.0
2015-07-03,14.53,15.22,14.46,14.96,58900.0
2015-07-06,14.87,14.88,14.38,14.6,75900.0
2015-07-07,14.68,14.75,14.3,14.45,346500.0
2015-07-08,14.49,14.65,14.22,14.28,-31800.0
2015-07-10,14.45,14.99,14.32,14.53,-8000.0
2015-07-13,14.7,15.51,14.39,14.85,594400.0
2015-07-14,15.0,15.5,14.78,15.5,108600.0
2015-07-15,15.38,15.62,15.33,15.46,3200.0
2015-07-16,15.5,15.75,15.39,15.58,21100.0
2015-07-17,15.56,15.62,15.31,15.42,-75800.0
2015-07-20,15.51,15.62,15.27,15.46,68700.0
2015-07-21,15.48,15.73,15.27,15.42,-13400.0
2015-07-22,15.56,15.56,14.39,14.99,-76300.0
2015-07-23,14.91,14.91,14.56,14.76,-10000.0
2015-07-24,14.82,14.84,14.46,14.68,65000.0
2015-07-27,14.67,14.68,14.25,14.49,-2100.0
2015-07-28,14.65,14.65,13.87,14.14,-11500.0
2015-07-29,14.19,14.5,14.1,14.44,-30800.0
2015-07-30,14.59,14.59,13.94,14.05,-23400.0
2015-07-31,14.13,14.68,13.88,14.6,-37300.0
2015-08-03,14.6,14.6,14.01,14.1,137800.0
2015-08-04,14.18,14.18,13.81,14.06,-100.0
2015-08-05,14.25,14.29,13.89,14.29,-26600.0
2015-08-06,14.43,14.55,13.88,13.98,38600.0
2015-08-07,13.97,14.25,13.62,14.06,109000.0
2015-08-10,13.87,14.06,13.75,14.06,-30400.0
2015-08-11,14.0,14.01,13.43,13.82,12800.0
2015-08-12,13.78,13.82,13.56,13.82,-30600.0
2015-08-13,13.73,13.79,13.61,13.75,-29500.0
2015-08-14,13.82,13.82,13.43,13.55,-11100.0
2015-08-17,13.59,13.82,13.16,13.36,-235000.0
2015-08-18,13.24,13.43,13.09,13.27,28000.0
2015-08-19,13.27,13.28,12.71,13.28,-5900.0
2015-08-20,13.27,13.29,12.98,13.07,-81800.0
2015-08-21,12.96,13.42,12.96,13.08,-279500.0
2015-08-24,12.89,13.28,12.34,13.28,17900.0
2015-08-25,13.33,13.37,12.93,13.0,-14400.0
2015-08-26,13.11,13.39,12.78,13.39,44500.0
2015-08-27,13.21,13.37,13.12,13.12,-12000.0
2015-08-28,12.96,13.43,12.96,13.12,-11800.0
2015-08-31,13.11,13.11,12.66,12.96,28600.0
2015-09-01,12.81,12.98,12.62,12.73,17500.0
2015-09-02,12.71,12.78,12.34,12.34,27700.0
2015-09-03,12.33,12.85,12.23,12.69,-47700.0
2015-09-04,12.5,13.11,12.5,12.89,-26000.0
2015-09-08,13.08,13.28,12.75,13.15,56300.0
2015-09-09,13.28,13.29,12.87,13.04,44700.0
2015-09-10,12.89,13.12,12.26,12.57,189000.0
2015-09-11,12.63,12.73,12.11,12.36,-70700.0
2015-09-14,12.43,12.43,12.03,12.18,8200.0
2015-09-15,12.25,12.26,12.0,12.22,-29300.0
2015-09-16,12.34,12.61,12.1,12.46,5700.0
2015-09-17,12.39,13.14,12.2,12.53,-22800.0
2015-09-18,12.45,12.77,12.22,12.77,-36100.0
2015-09-21,12.57,12.62,12.14,12.2,7500.0
2015-09-22,12.2,12.2,11.36,11.72,-19900.0
2015-09-23,11.82,11.82,11.07,11.19,-7300.0
2015-09-24,11.19,11.19,10.74,10.93,-45700.0
2015-09-25,10.94,11.09,10.82,10.82,-10200.0
2015-09-28,10.65,10.85,10.54,10.62,-9100.0
2015-09-29,10.69,10.88,10.34,10.39,2300.0
2015-09-30,10.46,10.78,10.39,10.78,-9800.0
2015-10-01,10.76,10.78,10.16,10.78,-91700.0
2015-10-02,10.78,10.85,10.31,10.7,15600.0
2015-10-05,10.76,10.76,10.58,10.63,10700.0
2015-10-06,10.62,10.79,10.54,10.79,80400.0
2015-10-07,10.86,11.13,10.58,10.8,8400.0
2015-10-08,10.86,11.16,10.75,10.99,9000.0
2015-10-09,11.0,11.7,10.9,11.56,98000.0
2015-10-13,11.55,11.55,10.97,11.18,-50100.0
2015-10-14,11.18,11.32,11.0,11.21,-25500.0
2015-10-15,11.22,11.42,11.11,11.24,-327500.0
2015-10-16,11.23,11.72,11.11,11.6,82800.0
2015-10-19,11.61,11.92,11.48,11.87,59500.0
2015-10-20,11.87,12.57,11.77,12.46,-36100.0
2015-10-21,12.5,12.54,12.0,12.0,32000.0
2015-10-22,11.9,12.13,11.67,12.07,30400.0
2015-10-23,12.07,12.15,11.8,12.01,27500.0
2015-10-26,12.02,12.02,11.12,11.18,-62200.0
2015-10-27,11.17,11.22,10.63,10.99,-143100.0
2015-10-28,11.02,11.39,10.78,11.39,14100.0
2015-10-29,11.39,11.78,11.12,11.32,16000.0
2015-10-30,11.32,11.54,11.11,11.4,-281100.0
2015-11-03,11.41,11.72,11.17,11.72,-250700.0
2015-11-04,11.72,12.17,11.55,11.79,-78600.0
2015-11-05,11.79,11.87,11.37,11.87,52300.0
2015-11-06,11.86,11.94,11.28,11.48,33500.0
2015-11-09,11.47,11.75,11.32,11.48,13500.0
2015-11-10,11.49,11.52,11.16,11.52,10500.0
2015-11-11,11.51,11.89,11.27,11.69,-8700.0
2015-11-12,11.7,11.7,11.39,11.56,74700.0
2015-11-13,11.56,11.68,11.29,11.32,-77100.0
2015-11-16,11.32,11.41,11.22,11.32,-3100.0
2015-11-17,11.39,11.47,11.23,11.32,35500.0
2015-11-18,11.39,11.5,11.26,11.32,45800.0
2015-11-19,11.44,11.44,10.97,11.17,-1100.0
2015-11-23,11.26,11.52,11.17,11.32,-173300.0
2015-11-24,11.53,11.53,11.03,11.09,-12600.0
2015-11-25,10.97,11.13,10.74,11.13,85500.0
2015-11-26,11.13,11.65,10.97,11.65,21000.0
2015-11-27,11.65,11.65,11.12,11.17,-36200.0
2015-11-30,11.17,11.17,10.78,10.78,-122600.0
2015-12-01,10.8,11.31,10.8,10.86,-27100.0
2015-12-02,10.91,11.08,10.71,10.71,-4800.0
2015-12-03,10.83,10.94,10.58,10.58,-51300.0
2015-12-04,10.58,10.64,10.18,10.47,-10500.0
2015-12-07,10.78,10.78,10.35,10.43,1100.0
2015-12-08,10.43,10.43,10.17,10.22,7200.0
2015-12-09,10.24,10.53,10.07,10.15,-96300.0
2015-12-10,10.2,10.63,10.2,10.31,54100.0
2015-12-11,10.34,10.6,10.32,10.39,-25000.0
2015-12-14,10.58,10.58,10.15,10.15,-49400.0
2015-12-15,10.3,10.33,10.11,10.11,-125700.0
2015-12-16,10.11,10.2,10.04,10.15,-5100.0
2015-12-17,10.22,10.67,10.22,10.47,17100.0
2015-12-18,10.47,10.47,10.0,10.09,-68200.0
2015-12-21,10.11,10.18,9.66,9.84,-54100.0
2015-12-22,9.89,10.06,9.66,9.72,95100.0
2015-12-23,9.72,10.07,9.65,9.82,87400.0
2015-12-28,9.72,9.88,9.66,9.8,46200.0
2015-12-29,9.91,10.31,9.71,10.31,65300.0
2015-12-30,10.29,10.62,9.84,10.62,-14400.0
2016-01-04,10.42,10.43,9.86,9.86,37000.0
2016-01-05,10.03,10.14,9.85,9.85,54200.0
2016-01-06,9.66,9.68,9.38,9.57,58500.0
2016-01-07,9.51,9.72,9.41,9.53,77200.0
2016-01-08,9.57,9.88,9.53,9.56,49800.0
2016-01-11,9.49,9.73,9.49,9.73,23500.0
2016-01-12,9.73,9.95,9.66,9.84,28000.0
2016-01-13,9.92,9.99,9.61,9.67,47700.0
2016-01-14,9.69,9.96,9.61,9.84,310600.0
2016-01-15,9.69,9.77,9.51,9.62,41000.0
2016-01-18,9.69,9.78,9.55,9.75,31700.0
2016-01-19,9.72,9.92,9.66,9.77,-6400.0
2016-01-20,9.77,9.88,9.51,9.76,42100.0
2016-01-21,9.76,9.92,9.55,9.88,38600.0
2016-01-22,9.95,10.22,9.84,10.15,-7600.0
2016-01-26,10.15,10.15,9.53,9.69,-74800.0
2016-01-27,9.72,10.28,9.72,10.28,82700.0
2016-01-28,10.28,10.52,10.08,10.08,85700.0
2016-01-29,10.09,10.54,9.84,9.84,-7600.0
2016-02-01,9.92,10.03,9.42,9.84,-165600.0
2016-02-02,9.83,9.91,9.68,9.84,121700.0
2016-02-03,9.84,9.88,9.58,9.6,3700.0
2016-02-04,9.7,10.18,9.58,9.84,-10600.0
2016-02-05,9.92,9.92,9.46,9.46,-1900.0
2016-02-10,9.46,9.46,8.93,8.93,-85200.0
2016-02-11,8.82,8.82,8.44,8.5,43700.0
2016-02-12,8.66,8.85,8.5,8.85,242300.0
2016-02-15,8.85,9.05,8.72,8.72,19500.0
2016-02-16,8.74,9.03,8.74,8.77,3600.0
2016-02-17,8.8,8.89,8.66,8.73,13000.0
2016-02-18,8.89,9.5,8.7,9.44,262500.0
2016-02-19,9.5,9.69,9.29,9.52,31400.0
2016-02-22,9.65,10.07,9.39,9.48,-87000.0
2016-02-23,9.52,9.88,9.44,9.44,9300.0
2016-02-24,9.4,9.51,9.08,9.44,-44600.0
2016-02-25,9.44,9.67,9.32,9.46,22300.0
2016-02-26,9.49,10.2,9.49,10.11,-6800.0
2016-02-29,10.11,10.44,9.84,10.38,35200.0
2016-03-01,10.46,10.91,10.37,10.58,45000.0
2016-03-02,10.6,11.28,10.6,11.06,68100.0
2016-03-03,11.19,11.64,11.14,11.23,-13100.0
2016-03-04,11.65,12.11,11.36,11.96,-39300.0
2016-03-07,11.89,12.01,11.66,11.84,13400.0
2016-03-08,11.84,12.03,11.58,11.69,-88800.0
2016-03-09,11.8,12.15,11.77,11.88,-106200.0
2016-03-10,12.02,12.58,12.0,12.46,-100900.0
2016-03-11,12.43,13.02,11.56,12.79,7600.0
2016-03-14,12.88,13.04,12.33,12.67,56500.0
2016-03-15,12.58,12.58,11.69,11.77,26700.0
2016-03-16,11.77,12.1,11.44,11.86,31800.0
2016-03-17,12.59,12.68,12.21,12.68,-15400.0
2016-03-18,12.8,13.3,12.39,13.3,6600.0
2016-03-21,13.3,13.38,12.83,13.19,5500.0
2016-03-22,13.2,13.21,12.86,12.98,4300.0
2016-03-23,12.86,12.91,12.25,12.75,-73500.0
2016-03-24,12.75,12.86,12.44,12.55,25000.0
2016-03-28,12.57,13.2,12.56,13.07,-57200.0
2016-03-29,13.17,13.69,12.9,13.5,-19600.0
2016-03-30,13.49,13.49,13.12,13.38,234400.0
2016-03-31,13.37,13.57,13.1,13.17,-61900.0
2016-04-01,13.14,13.57,12.84,13.39,246600.0
2016-04-04,13.41,13.42,13.17,13.38,71100.0
2016-04-05,13.44,13.7,12.89,13.61,91100.0
2016-04-06,13.61,13.69,13.44,13.57,26300.0
2016-04-07,13.71,14.16,13.58,14.09,43500.0
2016-04-08,14.29,14.83,14.28,14.6,11800.0
2016-04-11,14.64,15.31,14.16,15.03,-18100.0
2016-04-12,15.2,15.37,14.87,15.32,-5800.0
2016-04-13,15.35,15.86,14.79,14.9,-32300.0
2016-04-14,15.11,15.11,14.27,14.42,-9400.0
2016-04-15,14.53,15.22,14.52,14.87,19400.0
2016-04-18,15.18,15.53,14.96,15.15,-113400.0
2016-04-19,15.34,15.66,15.2,15.35,-77100.0
2016-04-20,15.39,15.53,15.27,15.27,-72400.0
2016-04-22,15.27,15.48,14.99,15.33,-67500.0
2016-04-25,15.46,15.57,15.16,15.19,-78900.0
2016-04-26,15.19,15.62,14.94,15.31,-52300.0
2016-04-27,15.54,15.81,15.33,15.55,-113400.0
2016-04-28,15.58,15.83,15.27,15.38,-63500.0
2016-04-29,15.45,15.54,15.09,15.54,-10200.0
2016-05-02,15.47,15.75,14.91,15.47,-81600.0
2016-05-03,15.16,15.21,14.95,15.08,-33200.0
2016-05-04,15.2,15.21,14.64,14.93,-16700.0
2016-05-05,14.93,15.01,14.52,14.65,-135900.0
2016-05-06,14.71,15.21,14.55,14.98,14300.0
2016-05-09,15.1,15.1,14.57,14.96,-27900.0
2016-05-10,14.94,15.63,14.93,15.63,-6800.0
2016-05-11,15.63,16.04,15.59,15.69,-23600.0
2016-05-12,15.69,16.4,15.69,16.37,91000.0
2016-05-13,16.44,16.45,15.9,16.28,-48200.0
2016-05-16,16.24,17.06,16.14,16.59,93100.0
2016-05-17,16.6,16.95,16.35,16.5,-63900.0
2016-05-18,16.46,16.98,16.36,16.56,108700.0
2016-05-19,16.56,16.59,16.0,16.19,-25900.0
2016-05-20,16.39,16.39,16.05,16.23,54400.0
2016-05-23,16.05,16.37,15.96,16.23,-26600.0
2016-05-24,16.34,16.4,16.15,16.4,11700.0
2016-05-25,16.42,16.78,16.41,16.7,-28600.0
2016-05-27,16.81,17.46,16.72,17.24,-104100.0
2016-05-30,17.24,17.4,16.97,17.07,-5800.0
2016-05-31,17.07,17.5,16.76,17.5,-52400.0
2016-06-01,17.44,17.44,16.95,17.09,-18400.0
2016-06-02,17.17,17.2,16.75,16.77,-22000.0
2016-06-03,16.85,17.09,16.55,17.02,-21800.0
2016-06-06,17.07,17.07,16.47,16.72,-12600.0
2016-06-07,16.82,17.22,16.62,17.01,30500.0
2016-06-08,17.01,17.26,16.98,17.13,22100.0
2016-06-09,17.01,17.33,16.94,17.09,58200.0
2016-06-10,16.98,17.24,16.89,17.0,-21000.0
2016-06-13,16.78,17.17,16.68,16.81,33900.0
2016-06-14,16.81,16.86,16.36,16.44,-29700.0
2016-06-15,16.68,17.34,16.49,17.11,20700.0
2016-06-16,16.99,17.36,16.68,17.13,-46600.0
2016-06-17,17.17,17.35,17.03,17.13,1600.0
2016-06-20,17.29,17.42,17.13,17.13,6200.0
2016-06-21,17.13,17.34,17.13,17.19,-4800.0
2016-06-22,17.04,17.95,16.93,17.5,37900.0
2016-06-23,17.71,17.89,17.56,17.62,11300.0
2016-06-24,17.28,17.58,16.98,17.17,64400.0
2016-06-27,17.17,17.67,17.02,17.17,89800.0
2016-06-28,17.3,17.99,17.26,17.54,40900.0
2016-06-29,17.88,18.36,17.74,18.36,-12900.0
2016-06-30,18.24,18.84,18.17,18.72,87800.0
2016-07-01,18.73,18.88,18.53,18.61,-256000.0
2016-07-04,18.61,19.09,18.52,18.93,-37500.0
2016-07-05,18.69,19.37,18.69,18.93,65500.0
2016-07-06,18.96,19.18,18.52,18.85,78000.0
2016-07-07,18.89,19.63,18.89,19.55,72700.0
2016-07-08,19.55,19.78,19.49,19.49,-33800.0
2016-07-11,19.69,19.69,19.52,19.63,154500.0
2016-07-12,19.69,19.98,19.62,19.71,23300.0
2016-07-13,19.89,20.28,19.64,20.02,83900.0
2016-07-14,20.08,21.06,19.99,20.86,187400.0
2016-07-15,20.98,20.98,20.5,20.53,32300.0
2016-07-18,20.54,21.26,20.54,21.13,-19100.0
2016-07-19,20.95,21.42,20.9,21.11,-51500.0
2016-07-20,21.25,21.26,20.59,20.59,-66800.0
2016-07-21,20.61,21.0,20.5,20.76,-18400.0
2016-07-22,20.76,21.26,20.69,21.0,-37100.0
2016-07-25,21.03,21.22,20.37,20.58,-119200.0
2016-07-26,20.58,21.38,20.58,21.18,-33300.0
2016-07-27,21.26,21.55,20.45,20.45,-29500.0
2016-07-28,18.77,18.77,17.17,17.51,-18600.0
2016-07-29,17.75,18.07,17.3,17.67,-21400.0
2016-08-01,17.8,18.15,17.42,17.87,-149700.0
2016-08-02,17.91,18.04,17.46,17.64,-157800.0
2016-08-03,17.74,18.48,16.99,17.71,96400.0
2016-08-04,17.87,18.42,17.75,18.17,18100.0
2016-08-05,18.32,18.6,18.16,18.55,95600.0
2016-08-08,18.57,18.57,17.87,17.87,27800.0
2016-08-09,17.91,18.01,16.81,17.5,83200.0
2016-08-10,17.52,18.09,17.17,17.42,274000.0
2016-08-11,17.17,19.19,17.17,18.52,458400.0
2016-08-12,18.16,19.18,18.14,18.94,292000.0
2016-08-15,18.93,19.14,18.61,18.66,207000.0
2016-08-16,18.52,18.79,18.09,18.12,-50000.0
2016-08-17,18.22,18.48,18.01,18.48,19900.0
2016-08-18,18.55,18.56,17.91,18.12,-9700.0
2016-08-19,18.25,18.31,17.94,18.31,-192600.0
2016-08-22,18.36,18.36,17.99,17.99,10200.0
2016-08-23,18.07,18.29,18.0,18.16,225500.0
2016-08-24,18.17,18.17,17.6,17.69,-34300.0
2016-08-25,17.69,17.84,17.58,17.75,16000.0
2016-08-26,17.76,18.6,17.6,17.91,-166800.0
2016-08-29,18.16,18.25,17.78,18.07,-149300.0
2016-08-30,18.12,18.52,17.98,18.52,57300.0
2016-08-31,18.57,18.64,18.28,18.36,36600.0
2016-09-01,18.52,18.52,18.04,18.33,30600.0
2016-09-02,18.43,18.66,18.4,18.66,-12500.0
2016-09-05,18.73,18.81,18.46,18.81,43700.0
2016-09-06,18.86,19.46,18.69,19.29,105800.0
2016-09-08,19.37,19.55,19.17,19.42,-36100.0
2016-09-09,19.4,19.4,18.95,19.06,-23400.0
2016-09-12,18.81,19.68,18.56,19.26,12200.0
2016-09-13,19.1,19.15,18.46,18.81,5600.0
2016-09-14,18.81,19.01,18.56,18.8,45400.0
2016-09-15,19.0,19.33,18.61,19.18,130200.0
2016-09-16,19.18,19.34,18.59,18.89,40500.0
2016-09-19,19.06,19.25,18.54,18.82,-79500.0
2016-09-20,18.87,19.13,18.84,18.98,24600.0
2016-09-21,19.01,19.51,18.85,19.46,57800.0
2016-09-22,19.55,20.11,19.55,19.79,259900.0
2016-09-23,19.96,20.04,19.23,19.47,-20700.0
2016-09-26,19.49,19.51,18.9,19.19,-19400.0
2016-09-27,19.18,19.52,19.15,19.4,-36600.0
2016-09-28,19.41,19.73,19.41,19.63,-32300.0
2016-09-29,19.68,20.08,19.68,19.88,220900.0
2016-09-30,19.87,20.0,19.61,19.67,141900.0
2016-10-03,19.69,20.44,19.69,20.33,-20000.0
2016-10-04,20.45,20.6,20.05,20.18,-20400.0
2016-10-05,20.19,20.63,20.18,20.36,-18800.0
2016-10-06,20.45,20.57,20.13,20.31,-13400.0
2016-10-07,20.31,20.54,20.03,20.28,-52100.0
2016-10-10,20.41,20.57,20.28,20.35,101900.0
2016-10-11,20.28,20.51,19.98,20.02,-16000.0
2016-10-13,20.0,20.0,19.71,19.83,182200.0
2016-10-14,19.83,20.15,19.63,19.73,49100.0
2016-10-17,19.85,19.9,19.49,19.71,-79500.0
2016-10-18,19.71,20.25,19.71,20.2,5100.0
2016-10-19,20.2,20.24,19.72,19.82,148600.0
2016-10-20,19.82,19.82,19.34,19.46,-57200.0
2016-10-21,19.42,19.85,19.38,19.63,125200.0
2016-10-24,19.62,19.82,19.34,19.39,103100.0
2016-10-25,19.39,19.79,19.38,19.42,90100.0
2016-10-26,19.42,19.55,18.57,19.34,-33700.0
2016-10-27,19.42,19.83,19.19,19.63,62000.0
2016-10-28,19.63,19.91,19.42,19.79,11600.0
2016-10-31,19.78,20.2,19.64,20.04,0.0
2016-11-01,20.09,20.33,19.51,19.63,26600.0
2016-11-03,19.63,19.83,19.43,19.53,-19100.0
2016-11-04,19.46,20.39,19.1,19.87,63800.0
2016-11-07,20.27,20.56,20.14,20.53,75800.0
2016-11-08,20.31,21.26,20.31,21.18,114200.0
2016-11-09,20.28,21.42,19.96,20.9,42500.0
2016-11-10,21.17,21.25,19.63,20.16,-189300.0
2016-11-11,20.16,20.35,19.23,19.51,220500.0
2016-11-14,19.63,19.99,19.15,19.33,157000.0
2016-11-16,19.38,19.52,19.13,19.52,-64800.0
2016-11-17,19.77,19.97,19.25,19.76,110000.0
2016-11-18,20.03,20.04,19.52,19.6,68600.0
2016-11-21,19.63,19.96,19.27,19.96,-46500.0
2016-11-22,20.24,20.38,19.16,19.47,-190400.0
2016-11-23,19.47,19.58,18.66,19.01,-192800.0
2016-11-24,19.06,19.25,18.7,19.14,12400.0
2016-11-25,19.13,19.5,18.99,19.31,22700.0
2016-11-28,19.31,19.37,18.93,19.22,800.0
2016-11-29,19.25,19.33,18.93,19.19,-13200.0
2016-11-30,19.42,19.46,18.93,19.46,-152800.0
2016-12-01,19.55,19.55,18.31,18.56,199000.0
2016-12-02,18.65,18.65,17.79,18.42,1300.0
2016-12-05,18.4,18.8,18.2,18.53,3900.0
2016-12-06,18.46,19.06,18.3,18.85,109300.0
2016-12-07,18.86,19.2,18.66,18.89,72600.0
2016-12-08,18.77,19.44,18.77,19.17,-57400.0
2016-12-09,19.38,19.38,18.69,19.01,-3600.0
2016-12-12,18.93,19.03,18.46,18.83,-32000.0
2016-12-13,18.74,19.23,18.74,18.85,-49400.0
2016-12-14,18.95,19.82,18.55,19.16,41000.0
2016-12-15,19.09,19.41,18.57,18.76,-61300.0
2016-12-16,18.78,19.3,18.78,19.25,204300.0
2016-12-19,19.24,19.24,18.43,18.67,1900.0
2016-12-20,18.9,18.97,18.04,18.24,-40400.0
2016-12-21,18.35,18.58,18.1,18.32,-55900.0
2016-12-22,18.32,18.42,18.1,18.19,9400.0
2016-12-23,18.33,18.55,18.17,18.35,-68500.0
2016-12-26,18.49,18.58,18.36,18.44,34700.0
2016-12-27,18.59,18.93,18.59,18.83,82500.0
2016-12-28,18.93,19.11,18.72,19.09,-1200.0
2016-12-29,19.11,19.5,18.9,19.5,-21000.0
2017-01-02,19.46,19.46,18.93,18.94,-29900.0
2017-01-03,19.01,19.58,18.97,19.51,75100.0
2017-01-04,20.04,20.46,19.79,20.13,-74300.0
2017-01-05,20.16,20.92,20.02,20.74,74100.0
2017-01-06,20.65,20.75,20.18,20.56,-19300.0
2017-01-09,20.57,20.94,20.09,20.74,168600.0
2017-01-10,20.89,20.95,20.32,20.65,-45000.0
2017-01-11,20.67,20.9,20.56,20.78,26800.0
2017-01-12,21.39,21.7,20.53,20.89,-109900.0
2017-01-13,20.82,21.68,20.78,21.68,-178400.0
2017-01-16,21.68,21.68,21.03,21.25,89800.0
2017-01-17,21.16,21.39,20.98,21.11,-41800.0
2017-01-18,21.11,21.39,20.78,21.15,-106100.0
2017-01-19,21.16,21.27,20.42,20.49,-78800.0
2017-01-20,20.62,21.34,20.61,21.34,-142400.0
2017-01-23,21.34,21.44,21.09,21.26,-6500.0
2017-01-24,21.24,21.94,21.11,21.51,17300.0
2017-01-26,21.48,21.91,21.44,21.67,34800.0
2017-01-27,21.81,21.82,21.01,21.27,61600.0
2017-01-30,21.35,21.48,20.71,21.37,-25200.0
2017-01-31,21.35,21.57,21.24,21.39,-60100.0
2017-02-01,21.5,21.73,21.08,21.39,-26600.0
2017-02-02,21.37,21.51,21.06,21.44,-142700.0
2017-02-03,21.44,21.87,21.25,21.83,46600.0
2017-02-06,21.88,21.99,21.32,21.47,106700.0
2017-02-07,21.48,21.8,21.25,21.8,-23400.0
2017-02-08,21.72,22.21,21.58,21.86,-27700.0
2017-02-09,21.77,22.97,21.7,22.22,99300.0
2017-02-10,22.25,22.53,22.01,22.31,-61500.0
2017-02-13,22.5,23.21,22.41,22.83,115800.0
2017-02-14,22.87,23.04,22.14,22.5,-110400.0
2017-02-15,22.55,23.75,22.54,23.12,69900.0
2017-02-16,23.14,23.25,22.67,22.96,-131200.0
2017-02-17,22.96,22.97,22.42,22.44,-147600.0
2017-02-20,22.55,23.12,22.55,23.02,-11300.0
2017-02-21,23.28,23.29,22.87,23.19,-6000.0
2017-02-22,23.16,23.34,22.92,23.33,-109100.0
2017-02-23,23.26,23.81,22.96,23.7,-34700.0
2017-02-24,23.65,23.65,23.18,23.48,153200.0
2017-03-01,23.62,23.65,23.05,23.26,83500.0
2017-03-02,23.29,24.27,23.16,23.53,-212800.0
2017-03-03,23.8,23.88,23.53,23.75,137400.0
2017-03-06,23.81,24.31,23.78,24.27,92300.0
2017-03-07,24.3,24.36,23.95,24.27,65500.0
2017-03-08,24.27,24.27,23.74,23.86,-103400.0
2017-03-09,23.85,23.97,23.35,23.97,-17300.0
2017-03-10,24.12,24.63,24.12,24.59,140300.0
2017-03-13,24.59,24.85,24.54,24.75,96100.0
2017-03-14,24.75,24.76,24.44,24.69,-7000.0
2017-03-15,24.7,24.93,24.37,24.81,95500.0
2017-03-16,24.81,25.01,24.6,24.77,49200.0
2017-03-17,24.9,24.93,24.41,24.48,-71500.0
2017-03-20,24.5,24.58,24.0,24.19,133400.0
2017-03-21,24.35,24.41,23.76,23.76,-53600.0
2017-03-22,23.79,23.87,23.3,23.53,-47800.0
2017-03-23,23.56,24.36,23.43,24.13,-48300.0
2017-03-24,24.13,24.25,23.62,23.66,-9900.0
2017-03-27,23.54,23.6,23.13,23.43,27400.0
2017-03-28,23.43,23.53,23.15,23.53,-9600.0
2017-03-29,23.53,24.77,23.42,24.28,126500.0
2017-03-30,24.35,24.35,23.62,23.85,416700.0
2017-03-31,23.85,24.16,23.59,23.78,61600.0
2017-04-03,23.86,24.29,23.6,23.65,-63300.0
2017-04-04,23.85,24.03,23.56,23.78,-366800.0
2017-04-05,23.85,23.87,23.56,23.74,142100.0
2017-04-06,23.74,24.22,23.33,23.84,79300.0
2017-04-07,23.84,24.2,23.46,23.93,10700.0
2017-04-10,23.94,24.02,23.33,23.41,112100.0
2017-04-11,23.41,23.66,22.97,23.53,-4100.0
2017-04-12,23.52,23.85,23.15,23.63,93100.0
2017-04-13,23.65,24.11,23.56,24.08,102700.0
2017-04-17,24.08,25.18,23.94,25.06,201800.0
2017-04-18,25.04,25.31,24.83,25.14,350300.0
2017-04-19,25.2,25.37,24.49,25.02,128200.0
2017-04-20,25.19,25.31,24.77,24.93,29400.0
2017-04-24,24.9,25.11,24.38,24.57,-68400.0
2017-04-25,24.63,24.63,24.14,24.4,41600.0
2017-04-26,24.4,24.88,24.06,24.88,-39400.0
2017-04-27,24.89,24.89,24.5,24.76,-56200.0
2017-04-28,24.74,25.47,24.67,25.47,156700.0
2017-05-02,25.61,25.93,25.61,25.69,273100.0
2017-05-03,25.61,26.02,25.39,26.02,185600.0
2017-05-04,26.18,26.4,25.53,25.6,-302700.0
2017-05-05,25.73,25.86,25.42,25.65,44500.0
2017-05-08,25.65,26.14,25.49,26.11,98300.0
2017-05-09,26.36,26.64,25.93,26.39,61400.0
2017-05-10,26.51,26.77,26.4,26.65,208600.0
2017-05-11,26.72,26.84,25.94,26.06,-39900.0
2017-05-12,26.3,26.46,25.47,26.46,-159900.0
2017-05-15,26.39,26.46,25.73,25.98,179100.0
2017-05-16,26.11,27.04,25.98,27.04,154900.0
2017-05-17,27.04,27.05,26.59,26.94,32100.0
2017-05-18,23.41,24.87,23.16,24.41,-83700.0
2017-05-19,24.24,25.35,24.0,24.36,-38900.0
2017-05-22,24.38,24.38,22.69,23.12,-14500.0
2017-05-23,23.12,24.3,23.12,23.78,251300.0
2017-05-24,23.99,24.91,23.94,24.6,3600.0
2017-05-25,24.36,24.95,24.36,24.68,-13900.0
2017-05-26,24.96,26.28,24.8,25.73,144700.0
2017-05-29,25.73,25.81,25.05,25.81,10500.0
2017-05-30,25.81,25.95,25.4,25.52,-9100.0
2017-05-31,25.48,25.74,24.59,24.82,-365800.0
2017-06-01,25.04,25.06,24.4,24.69,-98200.0
2017-06-02,24.69,25.43,24.61,25.36,-81100.0
2017-06-05,25.41,25.55,24.98,25.51,33100.0
2017-06-06,25.48,25.97,25.24,25.89,48000.0
2017-06-07,25.89,26.49,25.85,26.46,-15500.0
2017-06-08,26.43,27.47,26.14,27.47,119900.0
2017-06-09,27.13,27.96,27.13,27.71,8200.0
2017-06-12,27.95,27.95,26.89,27.18,-72800.0
2017-06-13,27.46,28.04,26.9,27.96,72600.0
2017-06-14,28.05,28.13,27.56,28.13,86700.0
2017-06-16,27.96,28.61,27.9,28.33,42600.0
2017-06-19,28.25,28.66,28.14,28.45,77700.0
2017-06-20,28.46,28.47,27.72,27.8,63700.0
2017-06-21,27.51,27.8,26.89,26.89,17900.0
2017-06-22,27.09,27.16,26.25,26.93,-83700.0
2017-06-23,26.92,27.29,26.27,26.92,-54400.0
2017-06-26,26.94,27.58,26.94,27.47,-60900.0
2017-06-27,27.38,27.41,26.88,27.09,-95000.0
2017-06-28,27.25,27.25,26.56,26.6,-89500.0
2017-06-29,26.84,26.84,25.71,26.47,52400.0
2017-06-30,26.47,27.11,26.29,26.8,58100.0
2017-07-03,26.78,27.13,26.59,27.09,6000.0
2017-07-04,27.13,27.28,26.7,27.18,-11000.0
2017-07-05,27.17,27.7,27.05,27.55,-97900.0
2017-07-06,27.71,28.61,27.71,28.29,-93900.0
2017-07-07,28.21,28.9,27.96,28.14,-135800.0
2017-07-10,28.21,28.44,27.79,27.98,-92000.0
2017-07-11,28.09,28.09,27.75,28.01,-47400.0
2017-07-12,28.13,28.72,27.8,28.29,-45800.0
2017-07-13,28.47,29.16,28.47,28.81,-76700.0
2017-07-14,28.79,29.14,28.32,28.83,-32800.0
2017-07-17,28.68,28.94,28.14,28.21,-9800.0
2017-07-18,28.21,28.48,27.8,28.38,-69600.0
2017-07-19,28.38,28.86,27.99,28.46,-56500.0
2017-07-20,28.49,28.95,28.33,28.95,-96800.0
2017-07-21,28.95,29.07,28.8,28.92,37900.0
2017-07-24,28.95,28.95,28.57,28.95,-36200.0
2017-07-25,28.86,29.6,28.86,29.37,567100.0
2017-07-26,29.49,29.57,29.0,29.29,-86700.0
2017-07-27,29.53,29.76,29.24,29.57,15600.0
2017-07-28,29.53,29.55,29.15,29.15,92200.0
2017-07-31,29.15,29.49,29.04,29.49,26500.0
2017-08-01,29.47,29.62,29.03,29.18,-11500.0
2017-08-02,29.18,29.76,29.12,29.53,-17900.0
2017-08-03,29.53,29.57,28.44,29.04,-37100.0
2017-08-04,29.32,29.32,28.41,29.16,8900.0
2017-08-07,29.31,29.57,29.09,29.24,-7500.0
2017-08-08,29.24,29.37,29.01,29.2,-61300.0
2017-08-09,28.9,29.53,28.89,29.53,62000.0
2017-08-10,29.57,29.58,28.79,29.2,2000.0
2017-08-11,29.0,29.43,28.61,28.88,-127000.0
2017-08-14,28.95,29.42,28.86,29.16,-237900.0
2017-08-15,29.16,29.19,28.75,28.84,-214900.0
2017-08-16,28.83,29.02,27.77,28.11,-535000.0
2017-08-17,28.21,29.04,27.86,28.87,142300.0
2017-08-18,28.87,28.99,28.52,28.99,102100.0
2017-08-21,28.99,29.66,28.84,29.53,137500.0
2017-08-22,29.62,30.34,29.4,29.57,41900.0
2017-08-23,29.53,30.35,29.53,30.27,-101900.0
2017-08-24,30.33,31.06,30.33,30.94,188000.0
2017-08-25,30.84,31.04,30.05,30.53,-52700.0
2017-08-28,30.49,30.57,30.15,30.44,51900.0
2017-08-29,30.34,30.6,30.11,30.53,48900.0
2017-08-30,30.55,30.98,30.34,30.98,-900.0
2017-08-31,31.01,31.6,30.77,31.6,63700.0
2017-09-01,31.77,32.13,31.36,32.13,-14900.0
2017-09-04,32.06,32.07,31.51,31.52,-35600.0
2017-09-05,31.82,32.18,31.44,31.71,-41600.0
2017-09-06,31.84,32.11,31.71,32.02,-32300.0
2017-09-08,31.97,32.51,31.87,32.06,-52300.0
2017-09-11,32.26,33.43,32.1,33.43,62500.0
2017-09-12,33.44,33.62,33.02,33.33,57200.0
2017-09-13,33.0,34.83,32.95,34.66,164500.0
2017-09-14,34.65,35.2,34.5,35.03,-81600.0
2017-09-15,35.04,35.41,34.75,34.99,-577300.0
2017-09-18,34.89,35.46,34.5,34.95,-114600.0
2017-09-19,34.75,35.08,33.93,34.61,-66000.0
2017-09-20,34.36,34.87,34.17,34.86,-52600.0
2017-09-21,34.86,35.08,34.11,34.67,-398600.0
2017-09-22,34.81,34.94,34.19,34.84,63300.0
2017-09-25,35.06,35.06,33.59,33.83,-198600.0
2017-09-26,33.74,34.01,33.32,33.5,103300.0
2017-09-27,33.74,33.86,31.85,32.22,48300.0
2017-09-28,32.4,33.48,32.38,33.26,-11800.0
2017-09-29,33.6,34.26,33.21,33.88,18600.0
2017-10-02,34.15,34.46,33.34,33.59,-21700.0
2017-10-03,33.9,34.32,33.51,34.28,-162000.0
2017-10-04,34.28,35.3,34.08,34.98,-54900.0
2017-10-05,35.0,35.44,34.68,35.08,19900.0
2017-10-06,35.32,36.02,35.07,35.96,184800.0
2017-10-09,36.33,36.33,35.13,35.56,-62300.0
2017-10-10,35.7,36.03,35.41,36.03,-54500.0
2017-10-11,36.07,36.55,35.82,36.42,-90800.0
2017-10-13,36.44,37.1,36.22,36.81,-56500.0
2017-10-16,37.0,37.14,35.99,36.07,17400.0
2017-10-17,36.08,36.09,35.57,35.82,-30800.0
2017-10-18,36.0,37.02,35.9,36.71,66700.0
2017-10-19,36.71,37.14,36.17,37.1,-106300.0
2017-10-20,37.11,37.81,36.71,37.81,9200.0
2017-10-23,37.81,37.81,36.71,37.27,124200.0
2017-10-24,37.22,38.1,36.88,37.39,900.0
2017-10-25,37.69,37.69,36.36,37.09,-12800.0
2017-10-26,37.09,37.2,35.62,35.82,-184200.0
2017-10-27,36.15,36.65,35.72,36.4,-159200.0
2017-10-30,36.4,36.4,34.55,35.69,89600.0
2017-10-31,35.72,36.0,34.94,35.74,-93600.0
2017-11-01,36.04,36.33,35.62,36.19,-60400.0
2017-11-03,36.22,36.64,34.15,35.37,30900.0
2017-11-06,35.72,35.72,34.46,34.91,-4000.0
2017-11-07,35.1,35.1,33.57,34.41,125300.0
2017-11-08,34.84,35.81,34.48,35.78,54900.0
2017-11-09,36.11,36.53,34.41,35.15,25700.0
2017-11-10,35.15,35.15,33.42,33.69,-48900.0
2017-11-13,33.72,34.59,33.43,34.24,1500.0
2017-11-14,34.63,35.08,33.89,33.96,-183200.0
2017-11-16,34.2,35.73,33.96,35.73,-39900.0
2017-11-17,35.73,36.4,35.38,36.4,57600.0
2017-11-21,37.14,37.8,36.53,37.59,-107300.0
2017-11-22,37.32,38.34,37.29,38.14,137100.0
2017-11-23,38.12,38.22,37.65,37.93,-51500.0
2017-11-24,38.18,38.66,37.79,38.59,12400.0
2017-11-27,38.29,38.43,36.91,37.88,-26800.0
2017-11-28,37.88,37.97,37.19,37.85,-30100.0
2017-11-29,37.72,38.05,37.41,37.56,-9200.0
2017-11-30,37.55,37.55,36.23,37.2,-286100.0
2017-12-01,37.2,37.29,36.66,37.0,11800.0
2017-12-04,37.37,37.39,36.44,37.38,18100.0
2017-12-05,37.38,37.94,36.81,37.1,103000.0
2017-12-06,37.05,37.52,36.48,37.31,64000.0
2017-12-07,36.76,37.45,36.09,37.18,34600.0
2017-12-08,37.23,38.27,37.16,37.64,50500.0
2017-12-11,38.05,38.28,36.96,37.14,-40800.0
2017-12-12,37.11,37.52,36.5,37.28,-62200.0
2017-12-13,37.23,38.14,36.84,36.95,-138000.0
2017-12-14,36.95,37.74,36.52,37.66,-16100.0
2017-12-15,37.35,38.82,37.15,38.24,-29600.0
2017-12-18,38.7,38.73,38.09,38.48,-62600.0
2017-12-19,38.59,38.59,37.39,37.82,-13600.0
2017-12-20,37.92,38.16,37.44,38.09,-124200.0
2017-12-21,37.95,39.25,37.61,39.25,104300.0
2017-12-22,39.3,39.3,38.43,38.99,-161900.0
2017-12-26,39.07,39.26,38.66,39.15,-7400.0
2017-12-27,39.15,40.0,39.0,40.0,-74000.0
2017-12-28,39.63,40.45,39.63,40.34,-100000.0
2018-01-02,40.34,41.48,40.33,41.48,20900.0
2018-01-03,41.15,42.29,40.72,41.24,110900.0
2018-01-04,41.17,41.7,40.83,41.57,600.0
2018-01-05,41.57,41.57,40.76,41.37,-84800.0
2018-01-08,41.36,41.36,40.6,41.19,12100.0
2018-01-09,41.52,42.08,40.92,41.65,-75200.0
2018-01-10,41.19,41.84,41.19,41.67,-52200.0
2018-01-11,41.71,42.08,41.08,42.08,52100.0
2018-01-12,41.91,41.92,40.94,41.68,-117800.0
2018-01-15,41.9,41.9,41.29,41.67,-3600.0
2018-01-16,41.58,42.18,41.45,41.99,26600.0
2018-01-17,42.18,42.25,41.43,42.25,-83200.0
2018-01-18,42.17,42.41,41.74,42.41,-87900.0
2018-01-19,42.66,42.81,42.32,42.42,-83700.0
2018-01-22,42.44,42.51,41.89,42.0,-33500.0
2018-01-23,41.96,42.03,41.52,41.91,-2200.0
2018-01-24,41.91,43.61,41.91,43.55,84000.0
2018-01-26,43.63,45.72,43.63,45.19,131000.0
2018-01-29,45.18,45.75,44.44,44.91,102700.0
2018-01-30,44.83,45.5,44.28,44.45,18400.0
2018-01-31,44.88,46.12,44.62,45.85,4100.0
2018-02-01,45.56,46.99,45.56,46.93,-100200.0
2018-02-02,46.78,46.8,45.48,45.82,-46900.0
2018-02-05,45.65,46.78,44.83,45.41,-24800.0
2018-02-06,45.16,46.28,43.55,46.28,174800.0
2018-02-07,46.28,46.52,45.49,45.74,-121700.0
2018-02-08,46.02,46.57,44.58,45.47,137300.0
2018-02-09,45.31,45.31,44.09,44.66,-55400.0
2018-02-14,44.92,46.03,44.35,46.03,-120100.0
2018-02-15,46.16,46.46,45.62,45.74,-40100.0
2018-02-16,45.97,45.97,45.38,45.94,451900.0
2018-02-19,45.89,46.43,45.78,46.43,22800.0
2018-02-20,46.22,46.66,45.81,46.66,-10400.0
2018-02-21,46.66,46.86,45.8,46.15,84000.0
2018-02-22,46.03,46.32,45.62,46.32,140400.0
2018-02-23,46.43,47.26,45.77,47.24,58800.0
2018-02-26,47.45,47.74,46.39,46.97,10800.0
2018-02-27,47.34,47.34,46.1,46.7,48600.0
2018-02-28,46.7,46.76,46.25,46.69,54100.0
2018-03-01,46.37,47.4,46.37,46.93,15800.0
2018-03-02,46.66,46.76,45.42,46.12,20900.0
2018-03-05,46.17,46.32,45.46,45.48,21400.0
2018-03-06,45.33,45.8,43.66,45.08,45100.0
2018-03-07,44.91,45.33,44.09,45.24,-102400.0
2018-03-08,45.25,46.22,44.64,46.22,114600.0
2018-03-09,46.22,47.74,46.0,47.4,7000.0
2018-03-12,47.49,47.54,46.98,47.49,11100.0
2018-03-13,47.53,47.99,47.18,47.57,65400.0
2018-03-14,47.55,47.55,46.57,47.42,-32400.0
2018-03-15,47.4,47.88,46.78,47.32,45900.0
2018-03-16,47.32,48.85,47.05,48.27,345900.0
2018-03-19,48.67,48.67,46.7,46.91,-14500.0
2018-03-20,47.07,48.19,46.72,48.07,-37900.0
2018-03-21,48.23,48.64,47.75,48.2,-20400.0
2018-03-22,48.11,48.68,48.1,48.53,11400.0
2018-03-23,48.45,49.02,47.29,48.4,32800.0
2018-03-26,48.65,49.31,48.4,48.87,90400.0
2018-03-27,48.87,48.87,48.24,48.74,110900.0
2018-03-28,48.59,49.56,47.38,49.07,-76200.0
2018-03-29,49.2,50.65,48.54,50.44,91900.0
2018-04-02,50.44,50.44,48.96,49.06,-43000.0
2018-04-03,48.73,49.4,47.58,47.58,-380400.0
2018-04-04,47.33,48.4,46.26,47.7,-91500.0
2018-04-05,48.74,49.33,47.81,48.24,-138900.0
2018-04-06,48.24,49.18,47.87,48.82,192100.0
2018-04-09,49.4,49.4,47.82,47.98,21300.0
2018-04-10,48.21,48.42,47.16,48.27,-19500.0
2018-04-11,48.52,48.75,47.5,48.44,-6100.0
2018-04-12,48.43,48.88,48.04,48.8,20800.0
2018-04-13,48.88,48.93,47.95,48.49,-39900.0
2018-04-16,48.68,49.65,47.78,47.78,4300.0
2018-04-17,47.78,48.39,47.66,48.28,72400.0
2018-04-18,48.63,49.07,48.22,49.07,-72300.0
2018-04-19,48.98,49.14,48.28,48.6,38500.0
2018-04-20,48.76,48.76,48.05,48.05,133700.0
2018-04-23,47.99,48.3,47.23,48.06,-278100.0
2018-04-24,48.23,48.79,47.87,48.31,-25800.0
2018-04-25,48.24,48.35,47.37,47.51,33400.0
2018-04-26,47.76,48.66,47.47,47.82,14900.0
2018-04-27,47.84,48.48,47.5,48.0,121300.0
2018-04-30,48.51,49.22,47.82,48.3,34200.0
2018-05-02,48.23,48.23,46.47,47.07,16900.0
2018-05-03,47.0,47.07,44.68,44.73,134900.0
2018-05-04,44.81,46.17,44.59,45.52,124700.0
2018-05-07,45.81,45.81,44.02,44.67,-104200.0
2018-05-08,44.73,45.09,43.42,44.56,3000.0
2018-05-09,44.36,45.07,43.94,44.44,-61200.0
2018-05-10,44.68,44.87,44.08,44.78,-83500.0
2018-05-11,44.92,45.34,42.82,43.18,47900.0
2018-05-14,42.98,43.68,42.07,42.18,-291600.0
2018-05-15,41.13,42.23,40.62,41.64,-367600.0
2018-05-16,41.64,43.25,41.44,43.25,-133200.0
2018-05-17,43.37,43.43,41.48,41.56,77700.0
2018-05-18,41.54,41.54,39.2,41.27,-160500.0
2018-05-21,41.4,42.46,41.4,42.06,175800.0
2018-05-22,42.64,44.43,42.13,44.43,-173000.0
2018-05-23,43.73,43.93,42.38,42.47,57300.0
2018-05-24,41.71,43.12,41.54,43.12,-173800.0
2018-05-25,43.15,43.42,42.48,42.68,-86500.0
2018-05-28,42.55,42.55,39.28,39.56,-244600.0
2018-05-29,40.39,42.34,40.22,41.59,110600.0
2018-05-30,41.07,42.48,41.07,42.48,-161800.0
2018-06-01,42.53,44.03,42.21,42.72,-134000.0
2018-06-04,43.35,45.04,42.85,45.04,-142400.0
2018-06-05,44.42,44.79,42.48,42.65,-211200.0
2018-06-06,42.58,42.58,39.78,40.48,-124400.0
2018-06-07,39.88,39.88,33.41,39.01,-608600.0
2018-06-08,39.07,40.81,37.75,40.81,-73200.0
2018-06-11,40.39,40.39,37.5,38.31,-287500.0
2018-06-12,38.15,38.52,36.45,36.56,-274100.0
2018-06-13,35.56,36.86,34.56,35.61,254800.0
2018-06-14,35.51,36.8,35.41,35.41,-296700.0
2018-06-15,35.27,36.14,34.81,35.11,-47100.0
2018-06-18,34.94,35.91,34.49,35.8,-138900.0
2018-06-19,35.64,37.45,35.44,36.99,131600.0
2018-06-20,37.65,38.42,36.98,37.66,-188000.0
2018-06-21,37.39,37.75,35.8,36.23,-58300.0
2018-06-22,36.9,36.9,35.36,36.1,72900.0
2018-06-25,36.39,36.9,35.4,36.65,69800.0
2018-06-26,37.18,37.9,36.3,37.65,154500.0
2018-06-27,37.65,37.65,35.73,36.3,-93000.0
2018-06-28,36.31,37.04,35.81,36.35,-9800.0
2018-06-29,36.53,37.65,36.53,37.65,-51300.0
2018-07-02,36.9,37.35,36.07,37.19,-31500.0
2018-07-03,37.54,37.9,36.77,37.0,-132500.0
2018-07-04,37.33,37.35,36.69,36.69,122400.0
2018-07-05,36.65,37.0,35.63,36.12,10400.0
2018-07-06,34.89,35.23,33.39,34.56,-146800.0
2018-07-10,34.98,34.98,32.77,33.44,-1065400.0
2018-07-11,33.31,34.44,32.73,33.48,143500.0
2018-07-12,33.54,34.97,33.2,34.51,-69900.0
2018-07-13,34.65,36.15,34.34,36.02,101600.0
2018-07-16,36.23,37.39,36.15,37.39,130500.0
2018-07-17,37.47,38.16,36.83,37.73,177800.0
2018-07-18,37.33,38.12,37.1,37.48,100500.0
2018-07-19,37.1,37.1,35.74,37.0,27300.0
2018-07-20,37.49,38.85,37.3,37.48,209500.0
2018-07-23,37.43,37.85,36.84,36.86,-32200.0
2018-07-24,37.24,38.19,37.05,38.19,-63100.0
2018-07-25,38.31,39.46,37.99,39.42,108100.0
2018-07-26,39.48,39.56,37.78,37.8,-66200.0
2018-07-27,38.24,38.31,37.17,37.84,-99900.0
2018-07-30,37.91,38.42,37.49,37.88,-49800.0
2018-07-31,37.89,37.9,36.59,36.73,-21000.0
2018-08-01,36.6,37.12,36.48,36.81,2000.0
2018-08-02,36.81,37.05,36.36,36.5,-7500.0
2018-08-03,36.5,38.15,36.45,37.82,-9800.0
2018-08-06,37.82,38.71,37.09,37.25,-106000.0
2018-08-07,37.27,39.04,37.27,37.65,118300.0
2018-08-08,37.48,37.48,35.74,36.65,-278200.0
2018-08-09,36.3,36.51,35.1,35.65,5600.0
2018-08-10,35.98,37.48,35.8,36.47,-301900.0
2018-08-13,36.45,37.05,35.93,36.65,75700.0
2018-08-14,37.48,38.47,37.19,37.81,265500.0
2018-08-15,37.48,38.02,36.97,38.01,-43800.0
2018-08-16,38.0,38.06,36.85,37.07,-69900.0
2018-08-17,36.48,37.04,35.59,36.82,-65200.0
2018-08-20,36.58,36.79,35.57,36.79,-66600.0
2018-08-21,36.55,36.66,34.81,34.81,-332700.0
2018-08-22,34.84,35.31,34.36,35.22,13800.0
2018-08-23,35.27,36.07,33.46,33.66,-112200.0
2018-08-24,34.02,35.13,34.02,35.13,66400.0
2018-08-27,35.11,36.74,34.88,36.27,210100.0
2018-08-28,36.18,36.2,34.98,35.16,-181900.0
2018-08-29,34.98,36.3,34.84,36.19,75300.0
2018-08-30,35.74,35.88,34.15,34.63,380900.0
2018-08-31,34.56,35.67,34.41,35.44,57300.0
2018-09-03,35.0,35.27,34.18,34.4,-115300.0
2018-09-04,34.27,34.4,32.33,32.74,-192300.0
2018-09-05,32.78,33.69,32.53,33.31,35300.0
2018-09-06,33.88,34.26,33.32,34.2,280600.0
2018-09-10,34.82,34.97,33.39,33.43,-92900.0
2018-09-11,33.21,33.21,32.03,32.2,-154700.0
2018-09-12,32.73,33.31,31.8,33.16,18400.0
2018-09-13,33.31,33.96,32.56,33.15,-73000.0
2018-09-14,32.98,33.6,32.73,33.14,-122300.0
2018-09-17,33.27,34.89,33.06,34.89,180500.0
2018-09-18,34.65,35.95,34.35,35.31,-202600.0
2018-09-19,34.99,35.16,34.13,34.49,-179200.0
2018-09-20,34.58,35.01,33.81,34.31,-400.0
2018-09-21,34.77,35.92,34.43,35.92,205700.0
2018-09-24,35.83,35.85,34.83,35.21,-10700.0
2018-09-25,34.55,34.88,34.24,34.3,248700.0
2018-09-26,34.56,34.71,33.78,34.11,161700.0
2018-09-27,34.57,36.1,34.16,35.92,211000.0
2018-09-28,35.72,36.18,35.35,36.07,-46400.0
2018-10-01,36.08,36.39,34.77,35.68,12000.0
2018-10-02,36.44,38.22,36.44,38.0,291000.0
2018-10-03,40.79,40.79,38.68,39.14,65900.0
2018-10-04,39.14,39.14,37.78,38.15,-85900.0
2018-10-05,38.53,40.14,38.53,39.98,365600.0
2018-10-08,43.14,44.18,41.53,42.49,197600.0
2018-10-09,42.18,43.97,41.98,43.6,511700.0
2018-10-10,43.31,43.31,42.07,42.34,-270700.0
2018-10-11,43.18,43.34,41.64,41.64,-62100.0
2018-10-15,42.13,42.2,40.94,41.45,142000.0
2018-10-16,42.35,44.4,42.11,44.4,200600.0
2018-10-17,44.55,44.83,43.72,44.64,225400.0
2018-10-18,44.48,44.48,43.17,43.77,-38000.0
2018-10-19,44.17,44.54,43.48,44.35,165700.0
2018-10-22,44.48,45.81,44.35,45.81,-240200.0
2018-10-23,45.15,45.73,44.68,44.97,47100.0
2018-10-24,45.3,45.47,43.56,43.98,-104200.0
2018-10-25,44.06,46.43,44.06,46.42,156800.0
2018-10-26,46.23,48.51,45.84,47.89,215800.0
2018-10-29,49.14,50.39,45.85,46.55,403700.0
2018-10-30,47.42,48.41,46.42,48.1,223300.0
2018-10-31,48.22,49.14,46.57,47.14,-7600.0
2018-11-01,47.86,48.1,47.06,47.4,-180600.0
2018-11-05,47.5,48.51,47.16,48.14,10100.0
2018-11-06,47.43,48.81,47.06,47.35,-39500.0
2018-11-07,47.64,47.91,46.49,47.06,-75100.0
2018-11-08,47.07,47.58,45.99,47.31,-43800.0
2018-11-09,47.45,47.45,45.17,46.19,115100.0
2018-11-12,46.3,47.0,45.71,46.81,-22400.0
2018-11-13,46.81,47.47,46.36,46.97,80000.0
2018-11-14,47.02,47.02,45.86,46.68,174000.0
2018-11-16,47.02,48.73,46.79,48.31,165700.0
2018-11-19,48.31,48.31,46.92,47.67,97800.0
2018-11-21,47.66,48.36,46.73,47.4,4100.0
2018-11-22,47.4,48.31,47.21,48.11,-44800.0
2018-11-23,48.06,48.71,48.02,48.43,51200.0
2018-11-26,48.41,49.14,47.23,47.67,39200.0
2018-11-27,48.3,49.88,47.37,49.51,200200.0
2018-11-28,49.51,51.23,48.79,51.23,108700.0
2018-11-29,50.78,51.38,49.76,50.49,-98600.0
2018-11-30,50.52,51.75,50.29,51.51,25500.0
2018-12-03,51.8,53.1,50.87,50.88,62800.0
2018-12-04,50.89,51.25,48.31,49.01,-7700.0
2018-12-05,49.16,49.72,48.86,49.47,-61100.0
2018-12-06,48.81,49.88,48.1,49.61,65100.0
2018-12-07,49.17,50.44,48.72,48.72,-53000.0
2018-12-10,48.56,49.12,47.66,47.91,31000.0
2018-12-11,48.7,49.71,48.0,49.04,-137800.0
2018-12-12,49.15,50.62,49.15,50.51,7700.0
2018-12-13,50.53,53.21,50.33,51.66,12200.0
2018-12-14,51.48,51.82,50.47,50.83,-68500.0
2018-12-17,50.92,51.82,49.91,50.16,-13200.0
2018-12-18,50.66,51.75,50.55,51.12,120300.0
2018-12-19,51.32,52.03,49.73,49.86,34500.0
2018-12-20,50.44,51.56,50.06,51.16,23900.0
2018-12-21,51.15,52.38,50.53,51.72,90700.0
2018-12-26,51.04,51.81,50.62,51.74,73900.0
2018-12-27,51.39,51.79,49.96,50.68,49700.0
2018-12-28,51.09,51.54,50.26,51.27,120300.0
2019-01-02,51.28,51.73,50.9,51.2,141700.0
2019-01-03,51.54,51.66,50.37,50.88,-58300.0
2019-01-04,50.66,51.08,49.56,50.24,56700.0
2019-01-07,50.73,51.91,50.42,50.87,-90800.0
2019-01-08,51.0,51.17,49.2,49.2,-150500.0
2019-01-09,49.3,50.11,48.6,49.5,-375000.0
2019-01-10,49.5,50.29,49.49,50.28,-206700.0
2019-01-11,50.37,50.38,49.02,49.44,-133500.0
2019-01-14,49.61,49.86,49.18,49.45,-38200.0
2019-01-15,49.57,50.27,49.36,49.83,282100.0
2019-01-16,49.81,50.16,49.37,49.86,66100.0
2019-01-17,49.69,50.45,49.46,50.2,-116100.0
2019-01-18,50.24,51.08,49.89,50.29,-89100.0
2019-01-21,50.7,50.7,49.2,49.89,-116400.0
2019-01-22,49.89,50.9,49.44,49.95,-100400.0
2019-01-23,50.45,51.69,49.57,51.69,26800.0
2019-01-24,51.71,52.28,51.32,51.95,-102700.0
2019-01-28,51.87,52.63,51.29,52.13,22100.0
2019-01-29,52.55,53.12,52.23,52.55,320900.0
2019-01-30,52.55,54.67,52.38,54.21,171100.0
2019-01-31,54.47,54.75,53.1,53.63,-423900.0
2019-02-01,53.65,54.58,53.49,54.3,-56000.0
2019-02-04,54.49,54.53,53.26,53.51,-18300.0
2019-02-05,53.21,53.5,51.71,52.67,-155700.0
2019-02-06,52.33,52.43,50.28,50.28,-164100.0
2019-02-07,50.83,52.0,50.45,50.89,-61700.0
2019-02-08,50.87,51.55,50.2,51.12,-21400.0
2019-02-11,51.19,51.47,50.2,51.25,-24000.0
2019-02-12,51.76,53.01,51.02,53.0,-291800.0
2019-02-13,53.06,53.56,51.85,52.27,-215000.0
2019-02-14,52.28,53.1,51.04,52.8,34400.0
2019-02-15,52.37,52.77,51.86,52.48,-19100.0
2019-02-18,52.38,52.69,51.47,51.91,-47700.0
2019-02-19,51.92,52.38,51.32,51.87,-151600.0
2019-02-20,51.85,52.26,50.37,51.34,-98900.0
2019-02-21,51.64,52.02,50.28,51.87,-108000.0
2019-02-22,52.21,52.37,50.53,50.95,126800.0
2019-02-25,51.13,52.03,50.44,50.62,-73200.0
2019-02-26,50.66,50.66,49.8,50.26,-49400.0
2019-02-27,50.2,50.2,49.36,49.66,-1000.0
2019-02-28,49.53,49.75,48.27,48.94,-157900.0
2019-03-01,48.94,49.42,47.66,48.52,-368800.0
2019-03-06,48.51,48.6,46.85,47.49,-52500.0
2019-03-07,47.76,47.93,47.19,47.43,80200.0
2019-03-08,47.38,47.95,47.0,47.79,183800.0
2019-03-11,47.84,48.95,47.81,48.86,-19200.0
2019-03-12,48.61,48.65,47.37,48.23,-67100.0
2019-03-13,48.15,48.19,46.11,46.93,120600.0
2019-03-14,47.08,47.63,46.15,46.72,223900.0
2019-03-15,46.73,47.13,45.45,45.45,-362200.0
2019-03-18,45.9,47.62,45.56,47.47,-102600.0
2019-03-19,47.62,49.14,47.31,48.65,303500.0
2019-03-20,48.59,49.38,47.86,48.39,40400.0
2019-03-21,48.81,48.82,46.56,47.88,-148300.0
2019-03-22,46.85,46.85,45.42,45.6,-629700.0
2019-03-25,45.59,46.5,45.27,45.28,900.0
2019-03-26,45.53,46.55,45.18,45.96,52700.0
2019-03-27,45.29,45.51,43.69,44.15,-32000.0
2019-03-28,43.89,46.34,42.84,45.67,-285400.0
2019-03-29,46.08,46.18,45.3,45.88,-16100.0
2019-04-01,46.3,46.37,45.47,45.52,22400.0
2019-04-02,45.84,46.01,44.88,45.3,-131900.0
2019-04-03,45.47,45.81,43.64,44.25,-203300.0
2019-04-04,44.42,44.86,43.33,44.08,-114400.0
2019-04-05,44.08,45.04,43.41,44.52,47600.0
2019-04-08,44.26,44.26,42.75,43.33,-43700.0
2019-04-09,42.94,43.55,42.4,42.4,-101100.0
2019-04-10,42.61,43.81,42.35,43.41,-64700.0
2019-04-11,43.41,43.94,43.07,43.62,89300.0
2019-04-12,43.01,43.92,42.4,42.74,-35500.0
2019-04-15,43.1,43.36,42.15,42.66,-52700.0
2019-04-16,42.53,43.06,41.83,41.83,-612800.0
2019-04-17,41.96,42.36,40.9,41.4,69100.0
2019-04-18,41.57,44.29,41.57,43.85,-496800.0
2019-04-22,44.25,45.2,43.92,45.0,258900.0
2019-04-23,45.24,45.92,44.53,45.79,-83800.0
2019-04-24,45.97,45.97,44.46,44.79,6000.0
2019-04-25,44.79,46.39,44.54,46.09,-150200.0
2019-04-26,46.18,47.05,45.92,46.69,-112800.0
2019-04-29,47.02,47.26,46.76,47.13,-63000.0
2019-04-30,46.93,47.71,46.93,47.59,25600.0
2019-05-02,47.54,48.11,47.04,48.08,22600.0
2019-05-03,48.12,48.4,47.5,47.66,-5300.0
2019-05-06,47.5,47.5,46.76,47.14,7900.0
2019-05-07,46.95,47.45,46.14,47.45,192900.0
2019-05-08,47.58,49.59,47.58,49.17,389400.0
2019-05-09,48.64,49.62,48.51,49.17,95300.0
2019-05-10,48.91,48.92,44.96,44.96,-213500.0
2019-05-13,44.02,44.29,41.25,41.5,-18600.0
2019-05-14,41.98,43.69,41.9,42.9,-108900.0
2019-05-15,42.47,42.47,41.27,41.92,-173400.0
2019-05-16,42.05,42.05,39.82,40.16,-446800.0
2019-05-17,40.16,40.23,36.86,38.93,-35400.0
2019-05-20,39.41,39.97,38.32,39.66,149100.0
2019-05-21,39.82,42.55,39.82,42.17,258500.0
2019-05-22,42.76,43.04,41.28,41.59,20600.0
2019-05-23,41.45,42.13,40.24,40.24,-96700.0
2019-05-24,40.66,41.4,39.54,39.66,10400.0
2019-05-27,40.04,40.7,39.74,39.99,-36200.0
2019-05-28,40.24,41.25,40.24,40.91,87500.0
2019-05-29,40.91,42.52,40.91,40.96,-49700.0
2019-05-30,40.96,43.2,40.48,43.2,107500.0
2019-05-31,42.76,43.28,42.13,43.28,-15000.0
2019-06-03,43.35,43.82,42.59,42.93,65700.0
2019-06-04,43.56,43.56,41.5,42.1,97100.0
2019-06-05,42.0,42.73,40.9,40.9,79100.0
2019-06-06,41.5,41.92,40.56,41.08,281800.0
2019-06-07,41.22,42.15,41.0,41.29,110800.0
2019-06-10,41.08,41.63,40.58,40.76,60200.0
2019-06-11,41.38,42.27,39.91,41.17,235300.0
2019-06-12,41.27,41.78,40.3,40.81,-62600.0
2019-06-13,41.0,42.29,40.72,41.91,247400.0
2019-06-14,41.94,43.18,41.76,42.38,158000.0
2019-06-17,42.03,43.38,41.96,42.8,149200.0
2019-06-18,42.85,43.67,42.11,42.58,212600.0
2019-06-19,43.04,43.6,42.08,43.56,249200.0
2019-06-21,44.02,45.19,43.44,44.66,112300.0
2019-06-24,45.01,45.01,44.32,44.89,61200.0
2019-06-25,44.35,44.85,43.09,43.19,18200.0
2019-06-26,43.76,43.76,42.39,42.55,-2100.0
2019-06-27,42.34,42.84,41.91,42.13,-48300.0
2019-06-28,42.62,43.51,41.68,41.75,-92000.0
2019-07-01,42.3,42.59,40.45,41.18,-136200.0
2019-07-02,41.5,41.72,40.34,41.0,-43700.0
2019-07-03,40.8,41.44,40.62,40.86,51900.0
2019-07-04,41.29,41.47,40.07,40.41,-431600.0
2019-07-05,40.74,41.42,40.41,40.81,614400.0
2019-07-08,41.33,41.49,40.91,41.15,161400.0
2019-07-10,41.58,44.4,41.5,43.85,622900.0
2019-07-11,44.31,44.94,43.72,44.56,-248100.0
2019-07-12,44.9,45.68,44.1,44.41,48400.0
2019-07-15,44.44,44.64,42.82,42.82,-95400.0
2019-07-16,43.09,43.13,42.02,42.29,-94300.0
2019-07-17,42.3,42.89,41.95,42.14,-395700.0
2019-07-18,42.64,42.68,41.05,41.08,-174900.0
2019-07-19,41.27,41.64,40.2,40.61,-359100.0
2019-07-22,41.0,41.17,39.41,39.54,-420300.0
2019-07-23,39.66,40.08,38.68,38.89,-372900.0
2019-07-24,38.89,39.58,38.84,39.4,-224700.0
2019-07-25,39.61,39.87,38.86,39.41,-160300.0
2019-07-26,39.65,40.66,39.07,40.23,205300.0
2019-07-29,40.34,40.41,39.7,39.91,-64400.0
2019-07-30,39.64,42.41,39.5,41.96,82600.0
2019-07-31,41.85,43.12,41.57,42.65,15600.0
2019-08-01,42.76,43.92,42.66,43.43,330800.0
2019-08-02,43.77,44.77,43.77,44.28,706100.0
2019-08-05,43.83,43.93,42.96,43.48,-20500.0
2019-08-06,43.68,44.13,43.04,43.89,536800.0
2019-08-07,43.45,43.59,42.01,42.77,-207200.0
2019-08-08,42.99,43.69,42.52,43.43,136300.0
2019-08-09,46.15,48.19,46.05,47.45,1024800.0
2019-08-12,46.36,46.36,44.91,46.02,-116200.0
2019-08-13,46.03,47.11,45.15,45.88,-21400.0
2019-08-14,45.48,46.52,44.88,45.57,207700.0
2019-08-15,45.34,45.88,42.93,44.4,-417900.0
2019-08-16,44.61,44.85,43.19,44.56,-206100.0
2019-08-19,44.82,46.07,44.3,45.03,-72700.0
2019-08-20,45.02,45.32,43.61,45.27,153200.0
2019-08-21,45.52,46.86,45.33,46.86,308000.0
2019-08-22,46.82,46.82,45.57,46.53,-230200.0
2019-08-23,46.06,46.06,43.62,44.09,-28900.0
2019-08-26,44.12,44.79,43.02,44.01,65600.0
2019-08-27,44.9,44.9,42.15,43.43,-267800.0
2019-08-28,42.99,43.55,42.34,43.25,229200.0
2019-08-29,43.3,44.9,43.09,44.56,-24900.0
2019-08-30,44.83,45.32,43.83,44.49,-5500.0
2019-09-02,44.36,45.78,44.15,45.02,144500.0
2019-09-03,45.13,46.6,44.04,44.64,-8700.0
2019-09-04,45.09,45.74,43.71,43.77,37400.0
2019-09-05,44.36,44.6,43.4,43.43,-6700.0
2019-09-06,43.76,44.11,42.6,42.62,-47300.0
2019-09-09,42.78,43.35,41.97,43.35,-78900.0
2019-09-10,43.39,43.6,42.14,42.63,-42200.0
2019-09-11,42.99,44.02,42.78,44.02,211700.0
2019-09-12,44.1,44.37,43.1,43.56,127100.0
2019-09-13,43.65,43.71,42.66,43.01,-116100.0
2019-09-16,43.23,43.45,42.1,42.51,187800.0
2019-09-17,42.63,43.3,41.69,42.84,-102900.0
2019-09-18,42.89,44.34,42.66,44.31,19400.0
2019-09-19,44.44,45.61,44.39,45.23,463200.0
2019-09-20,45.27,45.27,43.77,44.62,136500.0
2019-09-23,44.44,44.48,42.69,42.97,74700.0
2019-09-24,43.35,43.89,42.78,42.82,227700.0
2019-09-25,42.88,43.14,42.13,42.68,-39600.0
2019-09-26,42.59,43.95,42.59,43.78,34000.0
2019-09-27,43.79,46.22,43.75,45.89,135600.0
2019-09-30,45.86,47.11,45.22,46.83,-117800.0
2019-10-01,46.84,47.42,46.31,47.12,125500.0
2019-10-02,46.77,46.77,45.19,46.1,-178600.0
2019-10-03,45.87,46.51,44.75,46.04,134100.0
2019-10-04,46.03,46.68,45.47,46.68,-107100.0
2019-10-07,46.16,46.85,45.51,45.72,-113600.0
2019-10-08,45.48,46.02,44.76,45.15,65500.0
2019-10-09,45.65,45.65,44.02,45.11,3900.0
2019-10-10,44.77,45.06,43.69,44.13,154200.0
2019-10-11,44.57,45.34,44.23,44.56,161800.0
2019-10-14,44.84,45.59,44.3,45.08,52500.0
2019-10-15,45.07,45.89,44.28,44.98,63200.0
2019-10-16,44.91,45.12,43.82,44.44,-76400.0
2019-10-17,44.68,45.0,43.74,43.97,-40200.0
2019-10-18,43.86,44.81,43.01,43.4,-194200.0
2019-10-21,43.74,44.34,42.96,43.09,81000.0
2019-10-22,43.19,44.42,42.99,44.1,-61700.0
2019-10-23,44.11,44.84,43.75,44.44,-28900.0
2019-10-24,44.44,45.0,44.25,44.48,115400.0
2019-10-25,44.54,45.29,44.36,44.7,12600.0
2019-10-28,44.56,45.25,44.14,44.14,164100.0
2019-10-29,44.32,44.8,43.47,43.6,-236200.0
2019-10-30,43.61,44.16,43.18,43.18,-86900.0
2019-10-31,43.18,43.51,42.42,42.95,-15500.0
2019-11-01,43.56,44.5,43.14,44.48,503700.0
2019-11-04,44.67,45.27,43.71,43.92,15400.0
2019-11-05,43.77,43.97,43.11,43.68,100900.0
2019-11-06,43.61,43.87,42.84,43.34,124700.0
2019-11-07,43.34,43.6,42.8,43.45,77500.0
2019-11-08,40.49,40.81,36.89,37.3,-2108800.0
2019-11-11,37.36,38.15,36.55,36.64,-233400.0
2019-11-12,36.9,36.9,34.1,34.21,-674100.0
2019-11-13,34.12,34.92,33.65,34.12,-80600.0
2019-11-14,34.61,34.78,33.47,34.09,-664900.0
2019-11-18,34.71,34.81,32.71,32.85,-459400.0
2019-11-19,33.02,33.67,32.32,32.7,-479800.0
2019-11-21,33.02,34.79,32.75,34.58,276300.0
2019-11-22,34.79,35.73,34.32,35.13,-51300.0
2019-11-25,35.81,36.85,35.11,35.26,-191200.0
2019-11-26,35.05,35.3,34.51,34.87,-161100.0
2019-11-27,35.2,35.2,34.09,34.24,-365900.0
2019-11-28,34.24,34.63,33.85,33.87,-255300.0
2019-11-29,34.0,34.43,33.65,33.65,-108200.0
2019-12-02,33.86,34.74,33.8,34.26,-292900.0
2019-12-03,34.43,34.59,33.88,33.92,-157700.0
2019-12-04,34.1,34.65,33.94,34.43,167100.0
2019-12-05,34.63,34.86,34.04,34.12,16300.0
2019-12-06,34.29,34.75,34.14,34.71,21700.0
2019-12-09,34.71,35.02,34.54,34.54,5500.0
2019-12-10,34.55,35.0,34.43,34.89,-229300.0
2019-12-11,35.05,35.29,34.72,35.05,2800.0
2019-12-12,35.21,36.41,35.09,36.41,213100.0
2019-12-13,36.48,37.04,35.69,36.58,-29700.0
2019-12-16,36.57,36.63,35.98,36.37,8800.0
2019-12-17,36.55,36.58,35.23,35.77,-174700.0
2019-12-18,36.05,36.11,35.36,36.11,11100.0
2019-12-19,36.13,37.61,36.03,37.38,319800.0
2019-12-20,37.38,37.44,36.52,36.55,208000.0
2019-12-23,36.71,36.73,36.1,36.44,234600.0
2019-12-26,36.85,36.93,36.57,36.8,120400.0
2019-12-27,36.88,37.33,36.51,37.33,-61800.0
2019-12-30,37.5,37.95,36.87,37.02,115100.0
2020-01-02,37.4,37.81,37.29,37.79,87900.0
2020-01-03,37.32,37.81,37.02,37.36,121200.0
2020-01-06,37.32,37.49,36.46,37.04,188400.0
2020-01-07,37.19,37.69,36.74,37.53,-123100.0
2020-01-08,37.52,37.63,36.92,37.48,288300.0
2020-01-09,37.66,37.81,36.56,36.68,-145300.0
2020-01-10,36.82,36.94,35.25,35.54,-66600.0
2020-01-13,35.63,36.27,35.09,35.16,126900.0
2020-01-14,35.31,35.96,34.77,35.93,296200.0
2020-01-15,35.84,35.84,34.99,34.99,125800.0
2020-01-16,35.15,35.27,34.72,34.72,177900.0
2020-01-17,34.87,35.35,34.51,35.2,215200.0
2020-01-20,35.25,35.55,34.5,34.66,-229400.0
2020-01-21,34.67,34.79,33.06,33.25,-444900.0
2020-01-22,33.26,34.09,32.83,33.59,314900.0
2020-01-23,33.39,34.39,32.95,34.16,-361800.0
2020-01-24,34.32,34.6,33.07,33.42,-99800.0
2020-01-27,32.76,32.84,31.75,31.97,-371400.0
2020-01-28,32.12,32.83,32.03,32.47,-5400.0
2020-01-29,32.67,32.76,31.28,31.28,19600.0
2020-01-30,30.74,30.96,29.62,30.63,-122500.0
2020-01-31,30.54,30.85,29.64,30.85,-107600.0
2020-02-03,30.9,31.66,30.9,30.99,-163900.0
2020-02-04,31.54,32.13,31.45,31.45,408900.0
2020-02-05,31.78,32.21,31.13,31.28,-113600.0
2020-02-06,31.45,31.74,30.54,30.87,166900.0
2020-02-07,30.87,30.88,29.42,29.59,-67100.0
2020-02-10,29.59,29.7,27.73,27.8,-33300.0
2020-02-11,28.0,29.28,27.39,29.25,40800.0
2020-02-12,29.5,29.57,28.33,28.52,-32200.0
2020-02-13,27.9,28.9,27.77,28.64,224900.0
2020-02-14,28.66,28.86,27.97,27.98,16300.0
2020-02-17,28.17,28.34,27.81,28.18,101400.0
2020-02-18,27.9,28.05,27.46,27.48,-299200.0
2020-02-19,27.58,27.87,27.2,27.56,134000.0
2020-02-20,27.6,27.78,27.08,27.11,154200.0
2020-02-21,26.8,27.02,25.95,26.1,65000.0
2020-02-26,23.67,24.75,23.14,23.14,-90900.0
2020-02-27,22.34,23.26,21.98,22.16,-385000.0
2020-02-28,21.88,22.4,21.13,21.75,94400.0
2020-03-02,19.91,20.18,18.43,19.44,-2418400.0
2020-03-03,19.13,20.66,18.98,19.03,-939800.0
2020-03-04,19.61,19.65,18.02,18.75,-481700.0
2020-03-05,18.51,18.51,16.55,16.91,-927700.0
2020-03-06,16.91,20.8,16.65,19.34,789800.0
2020-03-09,17.24,18.0,16.46,16.48,-1119900.0
2020-03-10,18.36,19.06,17.26,18.39,-47000.0
2020-03-11,17.41,18.42,15.3,16.26,-904600.0
2020-03-12,12.68,12.68,10.28,11.53,-809100.0
2020-03-13,13.48,13.52,10.96,12.98,-1155600.0
2020-03-16,10.37,10.6,8.66,8.79,-2447100.0
2020-03-17,9.21,9.21,7.91,8.41,426500.0
2020-03-18,7.65,7.69,5.26,5.49,-1707200.0
2020-03-19,5.11,6.76,4.38,6.3,124600.0
2020-03-20,7.23,7.9,6.52,6.94,-1430200.0
2020-03-23,6.72,6.84,6.09,6.43,-198600.0
2020-03-24,7.39,7.86,7.1,7.4,447800.0
2020-03-25,7.46,8.39,7.44,7.9,-520000.0
2020-03-26,7.9,10.67,7.9,10.46,-342600.0
2020-03-27,9.88,11.58,9.47,10.85,-977800.0
2020-03-30,11.17,11.96,10.61,10.95,-1287500.0
2020-03-31,10.57,10.75,9.3,9.38,-1766600.0
2020-04-01,8.37,8.53,7.81,7.95,-643800.0
2020-04-02,8.11,8.88,7.89,8.66,-587300.0
2020-04-03,8.88,8.88,7.62,8.37,-401600.0
2020-04-06,9.3,9.36,8.48,8.73,-422900.0
2020-04-07,9.38,10.06,9.19,9.81,246100.0
2020-04-08,9.64,10.14,9.31,9.93,113600.0
2020-04-09,10.19,10.97,10.19,10.95,-330300.0
2020-04-13,10.66,11.31,10.49,11.07,-589600.0
2020-04-14,11.37,12.39,11.34,12.07,366100.0
2020-04-15,11.58,12.73,11.35,12.26,249500.0
2020-04-16,12.47,12.91,11.88,12.34,-352300.0
2020-04-17,12.76,12.84,12.32,12.4,-108200.0
2020-04-20,12.09,12.51,11.92,12.31,-208600.0
2020-04-22,12.21,12.72,12.1,12.55,223800.0
2020-04-23,12.72,13.09,11.62,11.77,-1045900.0
2020-04-24,11.5,11.5,9.79,10.14,-952900.0
2020-04-27,10.42,10.82,10.1,10.45,-95400.0
2020-04-28,10.74,12.16,10.5,11.96,-22300.0
2020-04-29,12.26,12.54,11.61,11.99,-346500.0
2020-04-30,11.72,12.3,11.53,11.67,-3600.0
2020-05-04,10.96,11.28,10.61,10.91,-355600.0
2020-05-05,11.19,11.44,10.47,10.47,-353200.0
2020-05-06,10.44,10.44,9.85,9.86,-335100.0
2020-05-07,9.98,10.18,9.01,9.21,-614900.0
2020-05-08,9.47,10.05,9.26,10.05,373100.0
2020-05-11,9.81,9.84,9.1,9.43,-641800.0
2020-05-12,9.48,10.13,9.02,9.09,-341700.0
2020-05-13,9.22,9.45,8.61,9.06,-401000.0
2020-05-14,8.81,9.08,8.44,8.97,83900.0
2020-05-15,8.88,9.26,8.7,8.92,-28800.0
2020-05-18,9.3,10.76,9.22,10.63,1657100.0
2020-05-19,10.63,11.29,10.0,10.46,-421100.0
2020-05-20,10.75,11.83,10.55,11.18,186900.0
2020-05-21,11.22,11.79,10.87,10.93,-685700.0
2020-05-22,10.73,10.73,10.33,10.54,135700.0
2020-05-25,10.99,11.92,10.99,11.92,1590500.0
2020-05-26,12.21,12.38,11.26,11.41,212000.0
2020-05-27,11.61,13.1,11.61,12.89,2183200.0
2020-05-28,12.85,13.2,12.32,12.46,-1259000.0
2020-05-29,12.47,12.54,11.96,12.17,-465800.0
2020-06-01,11.97,13.1,11.93,13.1,1127200.0
2020-06-02,13.7,15.74,13.68,15.72,2025600.0
2020-06-03,16.44,18.24,16.44,16.75,-2935800.0
2020-06-04,16.65,17.48,15.82,16.74,103100.0
2020-06-05,17.75,18.6,17.37,17.68,168800.0
2020-06-08,18.6,19.51,18.34,19.48,1044700.0
2020-06-09,18.69,20.71,17.96,20.33,208000.0
2020-06-10,21.13,21.39,19.02,19.43,8800.0
2020-06-12,18.17,18.91,17.24,17.59,-852600.0
2020-06-15,16.65,17.53,15.6,17.29,389800.0
2020-06-16,18.55,18.99,16.45,16.71,-846800.0
2020-06-17,17.08,17.17,16.15,16.46,188900.0
2020-06-18,16.21,17.14,15.89,16.23,79200.0
2020-06-19,17.08,17.33,16.53,16.77,-89600.0
2020-06-22,16.91,17.24,16.57,16.57,-246100.0
2020-06-23,16.98,17.06,15.93,16.62,-153900.0
2020-06-24,16.29,16.73,15.49,15.86,-503300.0
2020-06-25,15.85,16.44,15.19,15.45,-798800.0
2020-06-26,15.4,15.72,14.73,14.96,-207200.0
2020-06-29,15.26,15.45,14.38,15.38,354800.0
2020-06-30,15.33,15.88,15.05,15.33,179700.0
2020-07-01,15.6,16.48,15.26,16.14,445600.0
2020-07-02,16.91,16.91,16.03,16.3,-164100.0
2020-07-03,16.29,16.69,15.87,16.66,681000.0
2020-07-06,17.0,18.51,16.92,18.42,1690700.0
2020-07-07,18.23,18.23,17.14,17.14,-1523800.0
2020-07-08,17.29,17.33,15.78,16.1,-2303300.0
2020-07-09,15.97,16.34,15.51,16.31,403300.0
2020-07-10,16.31,18.6,16.15,18.6,4209300.0
2020-07-13,18.82,20.19,18.82,19.04,-1682000.0
2020-07-14,19.54,19.85,18.66,19.19,168000.0
2020-07-15,20.27,21.44,19.9,20.86,-256700.0
2020-07-16,20.62,21.7,20.14,21.34,805500.0
2020-07-17,21.47,21.81,20.67,20.96,-1041400.0
2020-07-20,20.96,21.17,20.2,20.78,-404400.0
2020-07-21,21.05,22.05,20.87,21.77,1232200.0
2020-07-22,21.7,21.72,20.96,21.05,-977400.0
2020-07-23,21.14,21.44,20.1,20.28,-88400.0
2020-07-24,20.13,20.13,19.18,19.84,-89800.0
2020-07-27,19.85,20.65,19.47,20.2,270200.0
2020-07-28,20.03,20.67,19.74,20.66,388900.0
2020-07-29,20.57,21.14,20.14,20.61,-65400.0
2020-07-30,20.48,20.95,20.02,20.67,179900.0
2020-07-31,20.55,21.05,19.68,20.0,-377100.0
2020-08-03,20.0,20.04,18.97,19.23,110700.0
2020-08-04,19.01,19.18,18.19,18.19,-490000.0
2020-08-05,18.4,19.19,18.28,19.08,61600.0
2020-08-06,19.13,19.31,18.61,18.83,-289400.0
2020-08-07,18.71,19.3,18.19,18.28,-506500.0
2020-08-10,18.32,18.55,17.98,18.36,-550600.0
2020-08-11,18.59,19.94,18.51,19.56,352900.0
2020-08-12,19.67,20.04,18.57,18.96,-475200.0
2020-08-13,18.94,19.15,18.19,18.2,-564700.0
2020-08-14,18.25,18.9,17.78,18.69,383400.0
2020-08-17,18.74,18.89,17.97,18.14,-275000.0
2020-08-18,18.55,18.74,18.16,18.59,305400.0
2020-08-19,18.59,18.84,18.1,18.21,-406800.0
2020-08-20,17.88,18.62,17.52,18.43,206700.0
2020-08-21,18.44,19.32,18.28,19.2,620300.0
2020-08-24,19.31,19.69,19.13,19.31,-156600.0
2020-08-25,19.37,19.46,18.89,18.89,-222000.0
2020-08-26,18.96,19.11,17.9,18.14,-749700.0
2020-08-27,18.17,18.55,17.98,18.35,-138700.0
2020-08-28,18.4,18.78,18.11,18.42,38900.0
2020-08-31,18.32,18.32,17.5,17.59,-1123600.0
2020-09-01,17.73,18.33,17.69,17.98,525500.0
2020-09-02,18.04,18.21,17.66,17.78,-287800.0
2020-09-03,17.98,18.26,17.25,17.4,-1080400.0
2020-09-04,17.45,17.64,16.81,17.37,-388000.0
2020-09-08,17.34,18.27,17.0,17.3,248700.0
2020-09-09,17.46,17.67,16.87,17.03,-557100.0
2020-09-10,17.03,17.35,16.38,16.4,-1053800.0
2020-09-11,16.63,16.71,15.89,16.23,-217300.0
2020-09-14,16.53,17.1,16.39,16.96,305000.0
2020-09-15,17.1,17.62,16.72,16.8,-448800.0
2020-09-16,16.86,17.69,16.81,17.5,709800.0
2020-09-17,17.3,17.7,17.02,17.11,-1360200.0
2020-09-18,17.07,17.09,16.42,16.61,-915500.0
2020-09-21,16.13,16.15,15.62,15.88,-32400.0
2020-09-22,15.88,16.19,15.41,15.57,85600.0
2020-09-23,15.67,16.23,15.59,15.73,316100.0
2020-09-24,16.16,16.91,16.01,16.46,336700.0
2020-09-25,16.34,16.52,16.06,16.1,-233000.0
2020-09-28,16.33,16.74,15.59,15.62,-342500.0
2020-09-29,15.72,15.85,14.92,15.02,-541000.0
2020-09-30,15.11,15.79,15.04,15.51,720600.0
2020-10-01,15.29,15.67,14.73,15.1,-650200.0
2020-10-02,14.89,15.15,14.22,14.3,-1097700.0
2020-10-05,14.29,14.51,13.81,13.9,-348300.0
2020-10-06,13.94,15.53,13.92,15.2,2765800.0
2020-10-07,15.34,15.55,14.01,14.32,-2244300.0
2020-10-08,14.51,14.64,14.24,14.36,-476400.0
2020-10-09,14.39,15.51,14.25,14.97,954600.0
2020-10-13,14.97,15.11,14.61,14.99,-71700.0
2020-10-14,15.04,15.39,14.74,14.82,-385800.0
2020-10-15,14.58,14.9,14.47,14.8,40200.0
2020-10-16,14.83,15.08,14.38,14.53,-714100.0
2020-10-19,14.57,15.35,14.54,14.97,1019900.0
2020-10-20,14.83,15.3,14.73,14.92,235900.0
2020-10-21,14.89,14.97,14.45,14.49,-784800.0
2020-10-22,14.53,14.64,14.18,14.27,-1233400.0
2020-10-23,14.32,14.71,14.27,14.49,926400.0
2020-10-26,14.43,14.47,13.85,13.87,-1259100.0
2020-10-27,13.92,14.08,13.57,13.62,-321700.0
2020-10-28,13.31,13.34,12.25,12.28,-1435400.0
2020-10-29,12.14,12.5,11.27,12.19,576000.0
2020-10-30,12.09,12.23,11.68,11.81,31300.0
2020-11-03,12.21,12.28,11.39,11.42,-508200.0
2020-11-04,11.59,12.19,11.49,11.82,747700.0
2020-11-05,12.07,12.62,11.76,12.56,890900.0
2020-11-06,12.49,13.06,12.14,13.05,-180600.0
2020-11-09,14.54,14.8,14.05,14.41,116900.0
2020-11-10,14.4,14.83,13.87,14.18,-168100.0
2020-11-11,14.18,14.37,13.63,13.72,-661400.0
2020-11-12,13.72,13.88,13.18,13.31,-793300.0
2020-11-13,13.41,13.92,13.36,13.9,554500.0
2020-11-16,14.23,14.38,13.56,14.09,-365900.0
2020-11-17,14.02,15.77,13.91,15.39,3350200.0
2020-11-18,15.86,16.4,15.19,15.24,-2925900.0
2020-11-19,15.21,15.95,14.85,15.77,1123300.0
2020-11-20,15.86,16.09,15.38,15.42,-1336500.0
2020-11-23,15.77,16.08,15.52,15.7,-169700.0
2020-11-24,15.84,15.95,15.4,15.72,-181900.0
2020-11-25,15.72,17.29,15.69,17.26,2532800.0
2020-11-26,17.11,17.55,16.56,17.55,-815200.0
2020-11-27,17.55,17.78,17.12,17.26,-1266700.0
2020-11-30,17.24,18.26,17.16,17.53,-297100.0
2020-12-01,17.92,18.16,17.33,17.88,246800.0
2020-12-02,17.93,18.65,17.74,18.59,2020800.0
2020-12-03,18.77,20.5,18.64,20.0,1483500.0
2020-12-04,20.53,20.86,19.37,19.75,-2463200.0
2020-12-07,19.92,20.26,19.46,19.84,-643600.0
2020-12-08,19.96,20.76,19.78,20.19,670200.0
2020-12-09,20.41,20.55,19.9,20.02,-457100.0
2020-12-10,20.03,20.4,19.49,20.19,765100.0
2020-12-11,19.91,20.62,19.77,20.62,623000.0
2020-12-14,20.87,22.14,20.78,21.02,78600.0
2020-12-15,21.32,21.43,20.67,21.02,-469600.0
2020-12-16,21.1,21.2,20.68,21.02,-254800.0
2020-12-17,21.04,21.45,20.27,20.32,-98800.0
2020-12-18,20.34,20.5,19.78,19.79,-64400.0
2020-12-21,18.03,19.23,17.97,19.02,615400.0
2020-12-22,19.03,19.12,17.78,17.81,-861700.0
2020-12-23,17.86,18.7,17.86,18.21,-544600.0
2020-12-28,19.03,19.03,18.31,18.92,-233600.0
2020-12-29,19.03,19.29,18.78,18.97,-71900.0
2020-12-30,18.97,19.78,18.97,19.78,616800.0
2021-01-04,20.17,20.24,19.19,19.39,-843500.0
2021-01-05,19.25,19.75,18.83,19.45,-37600.0
2021-01-06,19.47,19.95,19.15,19.52,-811600.0
2021-01-07,19.56,19.78,18.75,18.8,-477100.0
2021-01-08,18.95,19.31,18.59,18.76,-282200.0
2021-01-11,18.59,18.79,18.21,18.34,-782200.0
2021-01-12,18.51,18.94,18.24,18.88,1030500.0
2021-01-13,18.83,19.15,18.48,18.56,-200900.0
2021-01-14,18.68,19.86,18.68,19.58,1541500.0
2021-01-15,19.34,19.39,18.88,19.08,-243000.0
2021-01-18,19.8,20.43,19.28,19.38,-318300.0
2021-01-19,19.81,19.87,18.93,19.1,-465900.0
2021-01-20,19.3,19.41,18.67,19.03,87500.0
2021-01-21,19.0,19.18,18.34,18.52,-499900.0
2021-01-22,18.27,18.27,17.53,17.59,-654300.0
2021-01-26,17.59,17.75,16.65,16.77,-259100.0
2021-01-27,16.63,17.66,16.47,17.32,356800.0
2021-01-28,17.36,18.8,17.36,18.5,151200.0
2021-01-29,18.27,18.75,17.9,18.3,-139200.0
2021-02-01,18.53,18.7,18.19,18.5,416600.0
2021-02-02,18.79,19.4,18.78,19.2,608300.0
2021-02-03,19.28,19.48,18.72,18.77,86300.0
2021-02-04,18.94,19.52,18.83,19.33,466100.0
2021-02-05,19.48,19.54,19.09,19.2,176600.0
2021-02-08,19.19,19.41,18.91,19.1,123900.0
2021-02-09,18.56,19.11,18.22,18.91,734900.0
2021-02-10,18.95,19.31,18.37,18.49,-199700.0
2021-02-11,18.66,18.81,18.1,18.12,-59900.0
2021-02-12,18.06,19.27,17.92,19.13,959200.0
2021-02-17,19.05,19.05,18.5,18.75,160500.0
2021-02-18,18.68,18.78,18.15,18.27,-1142600.0
2021-02-19,18.31,18.31,17.8,17.92,-1007600.0
2021-02-22,17.3,17.4,16.78,17.03,-866100.0
2021-02-23,17.21,17.54,16.67,17.24,-497900.0
2021-02-24,17.34,17.64,17.06,17.45,80000.0
2021-02-25,17.46,17.56,16.41,16.72,-577800.0
2021-02-26,16.72,16.82,15.8,15.89,-482100.0
2021-03-01,16.05,16.29,15.27,15.34,-491400.0
2021-03-02,15.03,15.19,14.3,15.08,-38100.0
2021-03-03,14.99,15.0,13.63,14.4,30800.0
2021-03-04,14.29,15.19,14.2,14.81,446500.0
2021-03-05,14.7,15.69,14.46,15.67,374300.0
2021-03-08,15.14,15.69,14.42,14.54,-8000.0
2021-03-09,14.48,14.85,14.27,14.3,-146300.0
2021-03-10,14.37,15.73,14.3,15.7,2221600.0
2021-03-11,15.94,17.42,15.75,17.42,2949000.0
2021-03-12,17.11,17.74,16.95,17.64,910700.0
2021-03-15,17.39,18.32,17.28,18.18,557900.0
2021-03-16,18.07,18.27,16.7,16.82,-1628800.0
2021-03-17,16.65,17.4,16.48,17.4,653000.0
2021-03-18,17.2,17.5,16.69,16.69,-308100.0
2021-03-19,16.82,17.96,16.69,17.83,688000.0
2021-03-22,17.43,18.11,17.12,17.63,578800.0
2021-03-23,17.41,18.88,17.3,18.61,1790300.0
2021-03-24,18.61,18.78,17.91,17.97,-694000.0
2021-03-25,18.03,18.5,17.62,18.45,381200.0
2021-03-26,18.55,18.61,17.98,18.2,-433900.0
2021-03-29,18.31,18.51,17.99,18.28,80600.0
2021-03-30,18.23,19.52,18.12,19.3,2264700.0
2021-03-31,19.25,19.25,18.49,18.96,-812900.0
2021-04-01,18.97,19.22,18.42,18.52,-61800.0
2021-04-05,18.74,19.57,18.68,19.52,2344400.0
2021-04-06,19.45,19.71,19.18,19.57,613000.0
2021-04-07,19.52,19.8,19.13,19.32,-510900.0
2021-04-08,19.32,19.53,19.13,19.32,-198200.0
2021-04-09,19.31,19.76,19.05,19.53,541400.0
2021-04-12,19.66,20.14,19.5,19.85,512000.0
2021-04-13,19.85,19.98,19.33,19.55,-514500.0
2021-04-14,19.56,20.67,19.53,20.6,1748500.0
2021-04-15,20.57,20.87,20.44,20.55,-112600.0
2021-04-16,20.54,21.21,20.45,21.15,703600.0
2021-04-19,21.22,21.61,21.05,21.27,83100.0
2021-04-20,21.27,21.67,20.71,20.82,-472500.0
2021-04-22,21.05,21.62,20.85,21.21,728700.0
2021-04-23,21.37,22.47,21.06,21.32,885500.0
2021-04-26,21.45,22.66,21.45,22.42,875400.0
2021-04-27,22.47,23.79,22.42,23.69,-302600.0
2021-04-28,23.8,24.16,23.22,24.12,-1065200.0
2021-04-29,24.14,25.56,23.8,24.03,-2003900.0
2021-04-30,23.96,24.25,22.76,23.04,-435300.0
2021-05-03,23.55,23.83,21.9,22.06,-230300.0
2021-05-04,22.24,22.54,21.82,22.15,224200.0
2021-05-05,22.22,23.26,22.22,22.54,83100.0
2021-05-06,22.57,22.68,22.0,22.45,-371100.0
2021-05-07,22.52,23.01,22.27,23.01,-99100.0
2021-05-10,23.37,24.86,22.98,24.18,578500.0
2021-05-11,23.89,24.51,23.61,24.25,77600.0
2021-05-12,23.99,24.44,23.19,23.28,-750500.0
2021-05-13,23.4,23.81,22.36,22.77,-363400.0
2021-05-14,23.05,24.1,23.01,23.76,793700.0
2021-05-17,23.72,24.25,23.31,23.75,6800.0
2021-05-18,23.8,24.01,23.5,23.89,-41300.0
2021-05-19,23.62,23.75,23.24,23.25,-738300.0
2021-05-20,23.45,23.55,22.44,22.9,-706600.0
2021-05-21,23.07,23.15,22.56,22.66,43400.0
2021-05-24,22.78,22.9,22.26,22.73,-48400.0
2021-05-25,22.82,23.08,22.42,22.69,59200.0
2021-05-26,22.83,23.8,22.75,23.37,518600.0
2021-05-27,23.51,23.56,22.99,23.41,36900.0
2021-05-28,23.45,24.37,23.36,23.97,-50100.0
2021-05-31,24.05,24.37,23.48,23.93,-568000.0
2021-06-01,23.82,24.63,23.64,23.76,98300.0
2021-06-02,23.94,24.5,23.68,24.26,379900.0
2021-06-04,24.44,26.27,24.22,26.06,1430900.0
2021-06-07,26.03,26.82,25.63,26.4,220700.0
2021-06-08,26.45,28.81,26.45,26.9,-895800.0
2021-06-09,27.08,27.97,26.14,26.27,-1019000.0
2021-06-10,26.49,27.01,25.4,25.95,-531700.0
2021-06-11,26.12,26.33,25.13,25.34,-692600.0
2021-06-14,25.67,26.24,25.44,25.78,-208300.0
2021-06-15,26.0,26.14,25.2,25.62,-564100.0
2021-06-16,25.66,26.59,25.24,26.12,111000.0
2021-06-17,26.24,27.09,25.95,26.62,548400.0
2021-06-18,26.59,26.89,25.85,25.85,-485200.0
2021-06-21,26.09,27.24,25.67,27.12,629900.0
2021-06-22,27.31,28.32,26.82,27.78,319400.0
2021-06-23,27.76,29.06,27.73,28.3,506800.0
2021-06-24,28.66,28.89,27.83,28.21,-356800.0
2021-06-25,28.41,28.52,27.2,27.65,-1067100.0
2021-06-28,27.72,29.13,27.66,28.65,1081400.0
2021-06-29,28.56,28.99,27.4,27.91,-1240100.0
2021-06-30,27.7,27.81,26.85,27.72,-42600.0
2021-07-01,28.05,28.28,26.75,26.95,-449800.0
2021-07-02,27.02,27.56,26.8,27.06,51400.0
2021-07-05,27.13,27.59,26.92,27.28,42200.0
2021-07-06,27.2,27.24,26.22,26.29,-351900.0
2021-07-07,26.55,26.72,25.57,26.04,208200.0
2021-07-08,25.49,25.69,24.95,25.5,-83400.0
2021-07-12,25.81,27.44,25.75,27.36,721800.0
2021-07-13,27.15,27.42,26.76,27.34,-125000.0
2021-07-14,27.6,28.12,26.95,27.15,-736200.0
2021-07-15,27.01,27.15,26.03,26.19,-460500.0
2021-07-16,26.41,26.6,25.67,25.67,-53100.0
2021-07-19,24.9,25.21,24.43,24.79,603100.0
2021-07-20,24.7,25.39,24.23,24.81,6400.0
2021-07-21,25.12,25.2,24.3,24.89,-381800.0
2021-07-22,24.9,25.4,24.72,24.89,229600.0
2021-07-23,25.21,25.23,24.15,24.24,-837000.0
2021-07-26,24.15,24.57,23.95,24.18,56400.0
2021-07-27,24.04,24.09,22.77,22.92,-247900.0
2021-07-28,23.11,23.5,22.96,23.44,387300.0
2021-07-29,23.5,23.61,22.85,22.99,-353800.0
2021-07-30,22.77,22.82,22.21,22.3,-541400.0
2021-08-02,22.7,23.18,21.83,21.85,-307300.0
2021-08-03,21.8,21.82,20.92,21.59,131900.0
2021-08-04,21.6,21.65,20.8,20.94,-493200.0
2021-08-05,21.16,21.65,20.37,20.47,17900.0
2021-08-06,20.56,20.81,20.21,20.57,255600.0
2021-08-09,20.43,20.63,19.99,20.22,106300.0
2021-08-10,20.25,20.5,19.82,19.82,-505200.0
2021-08-11,19.78,19.78,19.2,19.53,-455300.0
2021-08-12,19.49,19.58,18.91,19.35,-1883100.0
2021-08-13,19.55,19.71,18.33,18.81,-478600.0
2021-08-16,18.28,18.28,17.05,17.2,-1509900.0
2021-08-17,17.12,17.25,16.26,17.17,-460900.0
2021-08-18,17.29,18.18,17.17,17.7,53500.0
2021-08-19,17.33,19.1,17.13,19.1,159900.0
2021-08-20,18.96,19.84,18.61,19.83,-436500.0
2021-08-23,20.0,20.76,19.73,20.7,-431300.0
2021-08-24,21.2,22.27,21.15,22.02,-418000.0
2021-08-25,22.07,22.94,21.64,22.9,305600.0
2021-08-26,22.8,23.85,21.89,22.19,-979400.0
2021-08-27,22.52,22.55,21.74,21.9,-297800.0
2021-08-30,21.92,22.9,21.73,22.07,-62800.0
2021-08-31,21.98,22.4,21.03,21.29,-256000.0
2021-09-01,21.4,21.82,20.78,21.02,-188700.0
2021-09-02,21.11,21.55,20.2,20.35,-248300.0
2021-09-03,20.54,20.81,19.57,20.05,138000.0
2021-09-06,20.0,20.85,19.83,20.85,517900.0
2021-09-08,20.82,21.1,19.41,19.57,-1004800.0
2021-09-09,19.59,20.47,19.15,20.21,333800.0
2021-09-10,20.93,21.19,20.32,20.32,-164400.0
2021-09-13,20.6,22.24,20.6,22.21,1730000.0
2021-09-14,22.35,22.78,21.37,21.56,-835700.0
2021-09-15,21.75,22.02,21.11,21.83,217800.0
2021-09-16,21.5,21.96,21.11,21.35,-675500.0
2021-09-17,21.09,21.33,20.21,20.42,-173400.0
2021-09-20,19.93,20.94,19.57,20.6,776500.0
2021-09-21,20.99,21.98,20.83,21.94,509500.0
2021-09-22,22.19,22.65,21.87,21.99,-1057100.0
2021-09-23,22.11,23.92,22.11,23.51,1146300.0
2021-09-24,23.7,23.8,22.82,23.69,130900.0
2021-09-27,23.97,24.44,23.46,23.75,-306600.0
2021-09-28,23.4,23.55,22.16,22.57,-822000.0
2021-09-29,23.01,23.12,22.28,22.4,-493400.0
2021-09-30,22.61,22.66,21.32,21.52,-572000.0
2021-10-01,21.64,23.14,21.5,23.14,1566800.0
2021-10-04,22.92,22.92,21.42,21.51,-1409900.0
2021-10-05,21.67,21.95,20.16,20.24,-1073300.0
2021-10-06,19.8,20.81,19.21,20.8,-677200.0
2021-10-07,20.95,21.43,19.82,19.82,-1151200.0
2021-10-08,20.01,20.77,19.9,20.3,21100.0
2021-10-11,20.4,20.44,19.42,19.54,-1125900.0
2021-10-13,19.6,20.28,19.5,20.13,812700.0
2021-10-14,20.3,20.65,19.72,19.96,-556400.0
2021-10-15,20.1,20.45,19.92,20.27,520400.0
2021-10-18,20.08,20.1,19.5,19.97,-4000.0
2021-10-19,19.71,19.78,18.71,18.86,-934200.0
2021-10-20,18.98,19.35,18.35,18.63,-334200.0
2021-10-21,17.81,18.47,17.24,17.65,-792000.0
2021-10-22,17.34,17.39,15.92,17.1,636800.0
2021-10-25,17.4,18.43,17.18,18.15,436000.0
2021-10-26,18.0,18.0,16.87,16.91,-1085900.0
2021-10-27,17.0,17.3,16.32,16.59,-17100.0
2021-10-28,16.4,17.23,16.3,16.53,900.0
2021-10-29,16.75,16.78,15.96,15.97,37100.0
2021-11-01,16.14,17.2,16.1,16.81,510400.0
2021-11-03,16.69,17.19,16.11,16.64,1652100.0
2021-11-04,16.46,16.92,15.95,16.09,-737200.0
2021-11-05,16.28,17.38,16.28,16.95,653100.0
2021-11-08,16.83,17.13,16.4,16.72,-161800.0
2021-11-09,16.91,17.56,16.83,17.1,330100.0
2021-11-10,17.01,17.94,16.74,17.44,906100.0
2021-11-11,17.7,18.6,17.64,18.3,270500.0
2021-11-12,18.42,18.43,16.59,16.59,-1987600.0
2021-11-16,17.05,17.09,15.49,15.5,-1183200.0
2021-11-17,15.73,15.91,15.02,15.18,-745600.0
2021-11-18,15.35,16.03,14.92,15.11,331700.0
2021-11-19,15.05,15.81,14.9,15.28,-116300.0
2021-11-22,15.36,15.63,14.58,14.83,-1506700.0
2021-11-23,14.91,15.39,14.55,15.39,-1694500.0
2021-11-24,15.01,15.9,14.94,15.73,-298800.0
2021-11-25,15.62,17.1,15.58,16.81,1496700.0
2021-11-26,15.64,15.87,14.62,14.95,-149500.0
2021-11-29,15.66,15.72,14.5,14.55,-1208200.0
2021-11-30,14.3,14.49,13.28,13.62,142700.0
2021-12-01,14.18,14.42,13.28,13.33,-980900.0
2021-12-02,13.43,13.72,12.97,13.22,-366700.0
2021-12-03,13.22,14.4,13.22,14.15,1329000.0
2021-12-06,14.0,15.29,13.91,14.98,623700.0
2021-12-07,15.47,15.64,14.56,14.69,-1610700.0
2021-12-08,14.81,16.1,14.4,16.1,2250600.0
2021-12-09,15.9,16.21,15.55,16.03,-182900.0
2021-12-10,16.27,16.55,15.82,16.12,-229200.0
2021-12-13,15.9,16.59,15.39,15.61,-140800.0
2021-12-14,15.75,15.97,15.15,15.52,-82800.0
2021-12-15,15.67,15.71,14.91,15.65,-716000.0
2021-12-16,15.86,16.05,15.22,15.3,-509600.0
2021-12-17,15.06,15.38,14.52,15.17,764900.0
2021-12-20,14.49,14.64,13.76,13.86,-2413800.0
2021-12-21,14.09,14.29,13.4,14.16,-444500.0
2021-12-22,14.17,14.84,13.97,14.15,-284400.0
2021-12-23,14.19,14.37,13.71,13.78,-501000.0
2021-12-27,13.71,14.23,13.55,13.75,370200.0
2021-12-28,13.8,14.3,13.69,14.18,1097300.0
2021-12-29,14.15,14.31,13.07,13.14,-1219000.0
2021-12-30,13.29,13.53,13.08,13.42,229900.0
2022-01-03,13.4,13.65,12.7,12.87,-900100.0
2022-01-04,12.94,13.21,11.92,12.03,-635300.0
2022-01-05,11.8,12.13,11.15,11.19,-789300.0
2022-01-06,11.29,11.45,10.86,11.31,464900.0
2022-01-07,11.1,11.68,10.97,11.53,531700.0
2022-01-10,11.3,11.6,11.14,11.59,-174800.0
2022-01-11,11.57,11.9,11.38,11.63,373300.0
2022-01-12,11.66,12.24,11.52,11.93,127600.0
2022-01-13,11.84,12.19,11.67,11.95,-169900.0
2022-01-14,11.91,12.09,11.42,11.71,-791000.0
2022-01-17,11.66,11.89,11.37,11.58,-368000.0
2022-01-18,11.51,11.53,11.03,11.09,-1078300.0
2022-01-19,11.22,12.02,11.16,11.56,229300.0
2022-01-20,11.71,13.0,11.65,12.77,2476200.0
2022-01-21,12.56,12.93,12.3,12.76,446200.0
2022-01-24,12.72,12.9,12.41,12.7,-1132300.0
2022-01-25,12.6,13.3,12.43,12.92,128800.0
2022-01-26,13.2,14.05,13.07,13.55,-146900.0
2022-01-27,13.67,14.04,13.56,13.83,-705900.0
2022-01-28,13.78,13.84,13.2,13.65,-1305300.0
2022-01-31,13.6,14.47,13.53,14.46,1182300.0
2022-02-01,14.4,14.67,14.12,14.28,-288500.0
2022-02-02,14.35,14.54,13.35,13.43,-1218800.0
2022-02-03,13.48,13.98,13.16,13.71,0.0
2022-02-04,13.64,13.68,12.93,13.01,-1264800.0
2022-02-07,13.01,13.2,12.65,12.81,-65800.0
2022-02-08,12.72,13.26,12.49,13.06,223600.0
2022-02-09,13.11,13.58,13.01,13.52,550300.0
2022-02-10,13.54,13.98,13.22,13.85,487600.0
2022-02-11,13.9,14.37,13.05,13.2,-1035700.0
2022-02-14,13.1,13.85,13.06,13.35,674000.0
2022-02-15,13.69,14.27,13.53,14.27,544900.0
2022-02-16,14.36,15.2,14.03,15.12,2483900.0
2022-02-17,15.1,15.28,14.64,14.68,-242200.0
2022-02-18,14.9,14.94,14.07,14.08,-1878500.0
2022-02-21,14.15,14.26,13.26,13.29,-898800.0
2022-02-22,13.33,14.05,13.33,13.94,119900.0
2022-02-23,14.1,14.27,13.03,13.06,-1702400.0
2022-02-24,12.18,12.78,11.94,12.6,129600.0
2022-02-25,12.59,12.9,12.16,12.55,-856900.0
2022-03-02,12.15,12.45,11.84,12.22,-281000.0
2022-03-03,12.23,12.71,11.79,11.85,-1064000.0
2022-03-04,11.93,11.95,11.01,11.06,-1135800.0
2022-03-07,10.9,11.28,9.87,9.9,-84600.0
2022-03-08,10.3,10.3,9.74,9.9,-339300.0
2022-03-09,10.2,11.64,10.17,11.58,671500.0
2022-03-10,11.25,11.3,10.82,10.94,-1849600.0
